This is XeTeX, Version 3.141592653-2.6-0.999995 (TeX Live 2023/Debian) (preloaded format=xelatex 2026.4.7)  16 AUG 2026 21:54
entering extended mode
 \write18 enabled.
 file:line:error style messages enabled.
 %&-line parsing enabled.
**/home/nyfeu/Documentos/EFB2006/apostila_c/main.tex
(/home/nyfeu/Documentos/EFB2006/apostila_c/main.tex
LaTeX2e <2023-11-01> patch level 1
L3 programming layer <2024-01-22>
(/usr/share/texlive/texmf-dist/tex/latex/base/book.cls
Document Class: book 2023/05/17 v1.4n Standard LaTeX document class
(/usr/share/texlive/texmf-dist/tex/latex/base/bk11.clo
File: bk11.clo 2023/05/17 v1.4n Standard LaTeX file (size option)
)
\c@part=\count183
\c@chapter=\count184
\c@section=\count185
\c@subsection=\count186
\c@subsubsection=\count187
\c@paragraph=\count188
\c@subparagraph=\count189
\c@figure=\count190
\c@table=\count191
\abovecaptionskip=\skip48
\belowcaptionskip=\skip49
\bibindent=\dimen140
) (./preambulo.tex (/usr/share/texlive/texmf-dist/tex/latex/fontspec/fontspec.sty (/usr/share/texlive/texmf-dist/tex/latex/l3packages/xparse/xparse.sty (/usr/share/texlive/texmf-dist/tex/latex/l3kernel/expl3.sty
Package: expl3 2024-01-22 L3 programming layer (loader) 
 (/usr/share/texlive/texmf-dist/tex/latex/l3backend/l3backend-xetex.def
File: l3backend-xetex.def 2024-01-04 L3 backend support: XeTeX
\g__graphics_track_int=\count192
\l__pdf_internal_box=\box51
\g__pdf_backend_object_int=\count193
\g__pdf_backend_annotation_int=\count194
\g__pdf_backend_link_int=\count195
))
Package: xparse 2023-10-10 L3 Experimental document command parser
)
Package: fontspec 2022/01/15 v2.8a Font selection for XeLaTeX and LuaLaTeX
 (/usr/share/texlive/texmf-dist/tex/latex/fontspec/fontspec-xetex.sty
Package: fontspec-xetex 2022/01/15 v2.8a Font selection for XeLaTeX and LuaLaTeX
\l__fontspec_script_int=\count196
\l__fontspec_language_int=\count197
\l__fontspec_strnum_int=\count198
\l__fontspec_tmp_int=\count199
\l__fontspec_tmpa_int=\count266
\l__fontspec_tmpb_int=\count267
\l__fontspec_tmpc_int=\count268
\l__fontspec_em_int=\count269
\l__fontspec_emdef_int=\count270
\l__fontspec_strong_int=\count271
\l__fontspec_strongdef_int=\count272
\l__fontspec_tmpa_dim=\dimen141
\l__fontspec_tmpb_dim=\dimen142
\l__fontspec_tmpc_dim=\dimen143
 (/usr/share/texlive/texmf-dist/tex/latex/base/fontenc.sty
Package: fontenc 2021/04/29 v2.0v Standard LaTeX package
) (/usr/share/texlive/texmf-dist/tex/latex/fontspec/fontspec.cfg)))

Package fontspec Info: Font family 'FiraSans(0)' created for font 'Fira Sans'
(fontspec)             with options [Ligatures=TeX].
(fontspec)              
(fontspec)              This font family consists of the following NFSS
(fontspec)             series/shapes:
(fontspec)              
(fontspec)             - 'normal' (m/n) with NFSS spec.: <->"Fira
(fontspec)             Sans/OT:script=latn;language=dflt;mapping=tex-text;"
(fontspec)             - 'small caps'  (m/sc) with NFSS spec.: <->"Fira
(fontspec)             Sans/OT:script=latn;language=dflt;+smcp;mapping=tex-text;"
(fontspec)             - 'bold' (b/n) with NFSS spec.: <->"Fira
(fontspec)             Sans/B/OT:script=latn;language=dflt;mapping=tex-text;"
(fontspec)             - 'bold small caps'  (b/sc) with NFSS spec.: <->"Fira
(fontspec)             Sans/B/OT:script=latn;language=dflt;+smcp;mapping=tex-text;"
(fontspec)             - 'italic' (m/it) with NFSS spec.: <->"Fira
(fontspec)             Sans/I/OT:script=latn;language=dflt;mapping=tex-text;"
(fontspec)             - 'italic small caps'  (m/scit) with NFSS spec.:
(fontspec)             <->"Fira
(fontspec)             Sans/I/OT:script=latn;language=dflt;+smcp;mapping=tex-text;"
(fontspec)             - 'bold italic' (b/it) with NFSS spec.: <->"Fira
(fontspec)             Sans/BI/OT:script=latn;language=dflt;mapping=tex-text;"
(fontspec)             - 'bold italic small caps'  (b/scit) with NFSS spec.:
(fontspec)             <->"Fira
(fontspec)             Sans/BI/OT:script=latn;language=dflt;+smcp;mapping=tex-text;"


Package fontspec Info: Could not resolve font "Fira Mono/I" (it probably
(fontspec)             doesn't exist).


Package fontspec Info: Font family 'FiraMono(0)' created for font 'Fira Mono'
(fontspec)             with options
(fontspec)             [WordSpace={1,0,0},HyphenChar=None,PunctuationSpace=WordSpace,Scale=0.88].
(fontspec)              
(fontspec)              This font family consists of the following NFSS
(fontspec)             series/shapes:
(fontspec)              
(fontspec)             - 'normal' (m/n) with NFSS spec.: <->s*[0.88]"Fira
(fontspec)             Mono/OT:script=latn;language=dflt;"
(fontspec)             - 'small caps'  (m/sc) with NFSS spec.: 
(fontspec)             and font adjustment code:
(fontspec)             \fontdimen 2\font =1\fontdimen 2\font \fontdimen 3\font
(fontspec)             =0\fontdimen 3\font \fontdimen 4\font =0\fontdimen
(fontspec)             4\font \fontdimen 7\font =0\fontdimen 2\font
(fontspec)             \tex_hyphenchar:D \font =-1\scan_stop: 
(fontspec)             - 'bold' (b/n) with NFSS spec.: <->s*[0.88]"Fira
(fontspec)             Mono/B/OT:script=latn;language=dflt;"
(fontspec)             - 'bold small caps'  (b/sc) with NFSS spec.: 
(fontspec)             and font adjustment code:
(fontspec)             \fontdimen 2\font =1\fontdimen 2\font \fontdimen 3\font
(fontspec)             =0\fontdimen 3\font \fontdimen 4\font =0\fontdimen
(fontspec)             4\font \fontdimen 7\font =0\fontdimen 2\font
(fontspec)             \tex_hyphenchar:D \font =-1\scan_stop: 
(fontspec)             - 'bold italic' (b/it) with NFSS spec.:
(fontspec)             <->s*[0.88]"Fira Mono/BI/OT:script=latn;language=dflt;"
(fontspec)             - 'bold italic small caps'  (b/scit) with NFSS spec.: 
(fontspec)             and font adjustment code:
(fontspec)             \fontdimen 2\font =1\fontdimen 2\font \fontdimen 3\font
(fontspec)             =0\fontdimen 3\font \fontdimen 4\font =0\fontdimen
(fontspec)             4\font \fontdimen 7\font =0\fontdimen 2\font
(fontspec)             \tex_hyphenchar:D \font =-1\scan_stop: 

 (/usr/share/texlive/texmf-dist/tex/latex/polyglossia/polyglossia.sty
Package: polyglossia 2023/12/11 v1.66 Modern multilingual typesetting with XeLaTeX and LuaLaTeX
 (/usr/share/texlive/texmf-dist/tex/latex/etoolbox/etoolbox.sty
Package: etoolbox 2020/10/05 v2.5k e-TeX tools for LaTeX (JAW)
\etb@tempcnta=\count273
) (/usr/share/texlive/texmf-dist/tex/latex/xkeyval/xkeyval.sty
Package: xkeyval 2022/06/16 v2.9 package option processing (HA)
 (/usr/share/texlive/texmf-dist/tex/generic/xkeyval/xkeyval.tex (/usr/share/texlive/texmf-dist/tex/generic/xkeyval/xkvutils.tex
\XKV@toks=\toks17
\XKV@tempa@toks=\toks18
 (/usr/share/texlive/texmf-dist/tex/generic/xkeyval/keyval.tex))
\XKV@depth=\count274
File: xkeyval.tex 2014/12/03 v2.7a key=value parser (HA)
)) (/usr/share/texlive/texmf-dist/tex/generic/iftex/iftex.sty
Package: iftex 2022/02/03 v1.0f TeX engine tests
)
\xpg@normalclass=\XeTeXcharclass1
 (/usr/share/texlive/texmf-dist/tex/latex/polyglossia/gloss-latex.lde
Package: gloss-latex 2023/12/11 v1.66 polyglossia: module for default language
)
Package polyglossia Info: Default language is latex.
)

Package polyglossia Warning: Neither file gloss-brazilian.ldf norfile gloss-brazilian.lde exists!
(polyglossia)                I will nevertheless try to use hyphenation patterns for brazilian. on input line 13.


Package polyglossia Warning: No hyphenation patterns were loaded for `brazilian'
(polyglossia)                I will use \language=\l@nohyphenation instead on input line 13.

\l@brazilian = a dialect from \language\l@nohyphenation 
Package polyglossia Info: Default language is brazilian.
(/usr/share/texlive/texmf-dist/tex/latex/geometry/geometry.sty
Package: geometry 2020/01/02 v5.9 Page Geometry
 (/usr/share/texlive/texmf-dist/tex/generic/iftex/ifvtex.sty
Package: ifvtex 2019/10/25 v1.7 ifvtex legacy package. Use iftex instead.
)
\Gm@cnth=\count275
\Gm@cntv=\count276
\c@Gm@tempcnt=\count277
\Gm@bindingoffset=\dimen144
\Gm@wd@mp=\dimen145
\Gm@odd@mp=\dimen146
\Gm@even@mp=\dimen147
\Gm@layoutwidth=\dimen148
\Gm@layoutheight=\dimen149
\Gm@layouthoffset=\dimen150
\Gm@layoutvoffset=\dimen151
\Gm@dimlist=\toks19
) (/usr/share/texlive/texmf-dist/tex/latex/setspace/setspace.sty
Package: setspace 2022/12/04 v6.7b set line spacing
) (/usr/share/texlive/texmf-dist/tex/latex/microtype/microtype.sty
Package: microtype 2023/03/13 v3.1a Micro-typographical refinements (RS)
\MT@toks=\toks20
\MT@tempbox=\box52
\MT@count=\count278
LaTeX Info: Redefining \noprotrusionifhmode on input line 1059.
LaTeX Info: Redefining \leftprotrusion on input line 1060.
\MT@prot@toks=\toks21
LaTeX Info: Redefining \rightprotrusion on input line 1078.
LaTeX Info: Redefining \textls on input line 1368.
\MT@outer@kern=\dimen152
LaTeX Info: Redefining \textmicrotypecontext on input line 1988.
\MT@listname@count=\count279
 (/usr/share/texlive/texmf-dist/tex/latex/microtype/microtype-xetex.def
File: microtype-xetex.def 2023/03/13 v3.1a Definitions specific to xetex (RS)
LaTeX Info: Redefining \lsstyle on input line 238.
)
Package microtype Info: Loading configuration file microtype.cfg.
 (/usr/share/texlive/texmf-dist/tex/latex/microtype/microtype.cfg
File: microtype.cfg 2023/03/13 v3.1a microtype main configuration file (RS)
)) (/usr/share/texlive/texmf-dist/tex/latex/xcolor/xcolor.sty
Package: xcolor 2023/11/15 v3.01 LaTeX color extensions (UK)
 (/usr/share/texlive/texmf-dist/tex/latex/graphics-cfg/color.cfg
File: color.cfg 2016/01/02 v1.6 sample color configuration
)
Package xcolor Info: Driver file: xetex.def on input line 274.
 (/usr/share/texlive/texmf-dist/tex/latex/graphics-def/xetex.def
File: xetex.def 2022/09/22 v5.0n Graphics/color driver for xetex
) (/usr/share/texlive/texmf-dist/tex/latex/graphics/mathcolor.ltx)
Package xcolor Info: Model `cmy' substituted by `cmy0' on input line 1350.
Package xcolor Info: Model `RGB' extended on input line 1366.
Package xcolor Info: Model `HTML' substituted by `rgb' on input line 1368.
Package xcolor Info: Model `Hsb' substituted by `hsb' on input line 1369.
Package xcolor Info: Model `tHsb' substituted by `hsb' on input line 1370.
Package xcolor Info: Model `HSB' substituted by `hsb' on input line 1371.
Package xcolor Info: Model `Gray' substituted by `gray' on input line 1372.
Package xcolor Info: Model `wave' substituted by `hsb' on input line 1373.
) (/usr/share/texlive/texmf-dist/tex/latex/amsmath/amsmath.sty
Package: amsmath 2023/05/13 v2.17o AMS math features
\@mathmargin=\skip50

For additional information on amsmath, use the `?' option.
(/usr/share/texlive/texmf-dist/tex/latex/amsmath/amstext.sty
Package: amstext 2021/08/26 v2.01 AMS text
 (/usr/share/texlive/texmf-dist/tex/latex/amsmath/amsgen.sty
File: amsgen.sty 1999/11/30 v2.0 generic functions
\@emptytoks=\toks22
\ex@=\dimen153
)) (/usr/share/texlive/texmf-dist/tex/latex/amsmath/amsbsy.sty
Package: amsbsy 1999/11/29 v1.2d Bold Symbols
\pmbraise@=\dimen154
) (/usr/share/texlive/texmf-dist/tex/latex/amsmath/amsopn.sty
Package: amsopn 2022/04/08 v2.04 operator names
)
\inf@bad=\count280
LaTeX Info: Redefining \frac on input line 234.
\uproot@=\count281
\leftroot@=\count282
LaTeX Info: Redefining \overline on input line 399.
LaTeX Info: Redefining \colon on input line 410.
\classnum@=\count283
\DOTSCASE@=\count284
LaTeX Info: Redefining \ldots on input line 496.
LaTeX Info: Redefining \dots on input line 499.
LaTeX Info: Redefining \cdots on input line 620.
\Mathstrutbox@=\box53
\strutbox@=\box54
LaTeX Info: Redefining \big on input line 722.
LaTeX Info: Redefining \Big on input line 723.
LaTeX Info: Redefining \bigg on input line 724.
LaTeX Info: Redefining \Bigg on input line 725.
\big@size=\dimen155
LaTeX Font Info:    Redeclaring font encoding OML on input line 743.
LaTeX Font Info:    Redeclaring font encoding OMS on input line 744.
\macc@depth=\count285
LaTeX Info: Redefining \bmod on input line 905.
LaTeX Info: Redefining \pmod on input line 910.
LaTeX Info: Redefining \smash on input line 940.
LaTeX Info: Redefining \relbar on input line 970.
LaTeX Info: Redefining \Relbar on input line 971.
\c@MaxMatrixCols=\count286
\dotsspace@=\muskip16
\c@parentequation=\count287
\dspbrk@lvl=\count288
\tag@help=\toks23
\row@=\count289
\column@=\count290
\maxfields@=\count291
\andhelp@=\toks24
\eqnshift@=\dimen156
\alignsep@=\dimen157
\tagshift@=\dimen158
\tagwidth@=\dimen159
\totwidth@=\dimen160
\lineht@=\dimen161
\@envbody=\toks25
\multlinegap=\skip51
\multlinetaggap=\skip52
\mathdisplay@stack=\toks26
LaTeX Info: Redefining \[ on input line 2953.
LaTeX Info: Redefining \] on input line 2954.
) (/usr/share/texlive/texmf-dist/tex/latex/amsfonts/amssymb.sty
Package: amssymb 2013/01/14 v3.01 AMS font symbols
 (/usr/share/texlive/texmf-dist/tex/latex/amsfonts/amsfonts.sty
Package: amsfonts 2013/01/14 v3.01 Basic AMSFonts support
\symAMSa=\mathgroup4
\symAMSb=\mathgroup5
LaTeX Font Info:    Redeclaring math symbol \hbar on input line 98.
LaTeX Font Info:    Overwriting math alphabet `\mathfrak' in version `bold'
(Font)                  U/euf/m/n --> U/euf/b/n on input line 106.
)) (/usr/share/texlive/texmf-dist/tex/latex/graphics/graphicx.sty
Package: graphicx 2021/09/16 v1.2d Enhanced LaTeX Graphics (DPC,SPQR)
 (/usr/share/texlive/texmf-dist/tex/latex/graphics/graphics.sty
Package: graphics 2022/03/10 v1.4e Standard LaTeX Graphics (DPC,SPQR)
 (/usr/share/texlive/texmf-dist/tex/latex/graphics/trig.sty
Package: trig 2021/08/11 v1.11 sin cos tan (DPC)
) (/usr/share/texlive/texmf-dist/tex/latex/graphics-cfg/graphics.cfg
File: graphics.cfg 2016/06/04 v1.11 sample graphics configuration
)
Package graphics Info: Driver file: xetex.def on input line 107.
)
\Gin@req@height=\dimen162
\Gin@req@width=\dimen163
) (/usr/share/texlive/texmf-dist/tex/latex/pgf/frontendlayer/tikz.sty (/usr/share/texlive/texmf-dist/tex/latex/pgf/basiclayer/pgf.sty (/usr/share/texlive/texmf-dist/tex/latex/pgf/utilities/pgfrcs.sty (/usr/share/texlive/texmf-dist/tex/generic/pgf/utilities/pgfutil-common.tex
\pgfutil@everybye=\toks27
\pgfutil@tempdima=\dimen164
\pgfutil@tempdimb=\dimen165
) (/usr/share/texlive/texmf-dist/tex/generic/pgf/utilities/pgfutil-latex.def
\pgfutil@abb=\box55
) (/usr/share/texlive/texmf-dist/tex/generic/pgf/utilities/pgfrcs.code.tex (/usr/share/texlive/texmf-dist/tex/generic/pgf/pgf.revision.tex)
Package: pgfrcs 2023-01-15 v3.1.10 (3.1.10)
))
Package: pgf 2023-01-15 v3.1.10 (3.1.10)
 (/usr/share/texlive/texmf-dist/tex/latex/pgf/basiclayer/pgfcore.sty (/usr/share/texlive/texmf-dist/tex/latex/pgf/systemlayer/pgfsys.sty (/usr/share/texlive/texmf-dist/tex/generic/pgf/systemlayer/pgfsys.code.tex
Package: pgfsys 2023-01-15 v3.1.10 (3.1.10)
 (/usr/share/texlive/texmf-dist/tex/generic/pgf/utilities/pgfkeys.code.tex
\pgfkeys@pathtoks=\toks28
\pgfkeys@temptoks=\toks29
 (/usr/share/texlive/texmf-dist/tex/generic/pgf/utilities/pgfkeyslibraryfiltered.code.tex
\pgfkeys@tmptoks=\toks30
))
\pgf@x=\dimen166
\pgf@y=\dimen167
\pgf@xa=\dimen168
\pgf@ya=\dimen169
\pgf@xb=\dimen170
\pgf@yb=\dimen171
\pgf@xc=\dimen172
\pgf@yc=\dimen173
\pgf@xd=\dimen174
\pgf@yd=\dimen175
\w@pgf@writea=\write3
\r@pgf@reada=\read2
\c@pgf@counta=\count292
\c@pgf@countb=\count293
\c@pgf@countc=\count294
\c@pgf@countd=\count295
\t@pgf@toka=\toks31
\t@pgf@tokb=\toks32
\t@pgf@tokc=\toks33
\pgf@sys@id@count=\count296
 (/usr/share/texlive/texmf-dist/tex/generic/pgf/systemlayer/pgf.cfg
File: pgf.cfg 2023-01-15 v3.1.10 (3.1.10)
)
Driver file for pgf: pgfsys-xetex.def
 (/usr/share/texlive/texmf-dist/tex/generic/pgf/systemlayer/pgfsys-xetex.def
File: pgfsys-xetex.def 2023-01-15 v3.1.10 (3.1.10)
 (/usr/share/texlive/texmf-dist/tex/generic/pgf/systemlayer/pgfsys-dvipdfmx.def
File: pgfsys-dvipdfmx.def 2023-01-15 v3.1.10 (3.1.10)
 (/usr/share/texlive/texmf-dist/tex/generic/pgf/systemlayer/pgfsys-common-pdf.def
File: pgfsys-common-pdf.def 2023-01-15 v3.1.10 (3.1.10)
)
\pgfsys@objnum=\count297
))) (/usr/share/texlive/texmf-dist/tex/generic/pgf/systemlayer/pgfsyssoftpath.code.tex
File: pgfsyssoftpath.code.tex 2023-01-15 v3.1.10 (3.1.10)
\pgfsyssoftpath@smallbuffer@items=\count298
\pgfsyssoftpath@bigbuffer@items=\count299
) (/usr/share/texlive/texmf-dist/tex/generic/pgf/systemlayer/pgfsysprotocol.code.tex
File: pgfsysprotocol.code.tex 2023-01-15 v3.1.10 (3.1.10)
)) (/usr/share/texlive/texmf-dist/tex/generic/pgf/basiclayer/pgfcore.code.tex
Package: pgfcore 2023-01-15 v3.1.10 (3.1.10)
 (/usr/share/texlive/texmf-dist/tex/generic/pgf/math/pgfmath.code.tex (/usr/share/texlive/texmf-dist/tex/generic/pgf/math/pgfmathutil.code.tex) (/usr/share/texlive/texmf-dist/tex/generic/pgf/math/pgfmathparser.code.tex
\pgfmath@dimen=\dimen176
\pgfmath@count=\count300
\pgfmath@box=\box56
\pgfmath@toks=\toks34
\pgfmath@stack@operand=\toks35
\pgfmath@stack@operation=\toks36
) (/usr/share/texlive/texmf-dist/tex/generic/pgf/math/pgfmathfunctions.code.tex) (/usr/share/texlive/texmf-dist/tex/generic/pgf/math/pgfmathfunctions.basic.code.tex) (/usr/share/texlive/texmf-dist/tex/generic/pgf/math/pgfmathfunctions.trigonometric.code.tex) (/usr/share/texlive/texmf-dist/tex/generic/pgf/math/pgfmathfunctions.random.code.tex) (/usr/share/texlive/texmf-dist/tex/generic/pgf/math/pgfmathfunctions.comparison.code.tex) (/usr/share/texlive/texmf-dist/tex/generic/pgf/math/pgfmathfunctions.base.code.tex) (/usr/share/texlive/texmf-dist/tex/generic/pgf/math/pgfmathfunctions.round.code.tex) (/usr/share/texlive/texmf-dist/tex/generic/pgf/math/pgfmathfunctions.misc.code.tex) (/usr/share/texlive/texmf-dist/tex/generic/pgf/math/pgfmathfunctions.integerarithmetics.code.tex) (/usr/share/texlive/texmf-dist/tex/generic/pgf/math/pgfmathcalc.code.tex) (/usr/share/texlive/texmf-dist/tex/generic/pgf/math/pgfmathfloat.code.tex
\c@pgfmathroundto@lastzeros=\count301
)) (/usr/share/texlive/texmf-dist/tex/generic/pgf/math/pgfint.code.tex) (/usr/share/texlive/texmf-dist/tex/generic/pgf/basiclayer/pgfcorepoints.code.tex
File: pgfcorepoints.code.tex 2023-01-15 v3.1.10 (3.1.10)
\pgf@picminx=\dimen177
\pgf@picmaxx=\dimen178
\pgf@picminy=\dimen179
\pgf@picmaxy=\dimen180
\pgf@pathminx=\dimen181
\pgf@pathmaxx=\dimen182
\pgf@pathminy=\dimen183
\pgf@pathmaxy=\dimen184
\pgf@xx=\dimen185
\pgf@xy=\dimen186
\pgf@yx=\dimen187
\pgf@yy=\dimen188
\pgf@zx=\dimen189
\pgf@zy=\dimen190
) (/usr/share/texlive/texmf-dist/tex/generic/pgf/basiclayer/pgfcorepathconstruct.code.tex
File: pgfcorepathconstruct.code.tex 2023-01-15 v3.1.10 (3.1.10)
\pgf@path@lastx=\dimen191
\pgf@path@lasty=\dimen192
) (/usr/share/texlive/texmf-dist/tex/generic/pgf/basiclayer/pgfcorepathusage.code.tex
File: pgfcorepathusage.code.tex 2023-01-15 v3.1.10 (3.1.10)
\pgf@shorten@end@additional=\dimen193
\pgf@shorten@start@additional=\dimen194
) (/usr/share/texlive/texmf-dist/tex/generic/pgf/basiclayer/pgfcorescopes.code.tex
File: pgfcorescopes.code.tex 2023-01-15 v3.1.10 (3.1.10)
\pgfpic=\box57
\pgf@hbox=\box58
\pgf@layerbox@main=\box59
\pgf@picture@serial@count=\count302
) (/usr/share/texlive/texmf-dist/tex/generic/pgf/basiclayer/pgfcoregraphicstate.code.tex
File: pgfcoregraphicstate.code.tex 2023-01-15 v3.1.10 (3.1.10)
\pgflinewidth=\dimen195
) (/usr/share/texlive/texmf-dist/tex/generic/pgf/basiclayer/pgfcoretransformations.code.tex
File: pgfcoretransformations.code.tex 2023-01-15 v3.1.10 (3.1.10)
\pgf@pt@x=\dimen196
\pgf@pt@y=\dimen197
\pgf@pt@temp=\dimen198
) (/usr/share/texlive/texmf-dist/tex/generic/pgf/basiclayer/pgfcorequick.code.tex
File: pgfcorequick.code.tex 2023-01-15 v3.1.10 (3.1.10)
) (/usr/share/texlive/texmf-dist/tex/generic/pgf/basiclayer/pgfcoreobjects.code.tex
File: pgfcoreobjects.code.tex 2023-01-15 v3.1.10 (3.1.10)
) (/usr/share/texlive/texmf-dist/tex/generic/pgf/basiclayer/pgfcorepathprocessing.code.tex
File: pgfcorepathprocessing.code.tex 2023-01-15 v3.1.10 (3.1.10)
) (/usr/share/texlive/texmf-dist/tex/generic/pgf/basiclayer/pgfcorearrows.code.tex
File: pgfcorearrows.code.tex 2023-01-15 v3.1.10 (3.1.10)
\pgfarrowsep=\dimen199
) (/usr/share/texlive/texmf-dist/tex/generic/pgf/basiclayer/pgfcoreshade.code.tex
File: pgfcoreshade.code.tex 2023-01-15 v3.1.10 (3.1.10)
\pgf@max=\dimen256
\pgf@sys@shading@range@num=\count303
\pgf@shadingcount=\count304
) (/usr/share/texlive/texmf-dist/tex/generic/pgf/basiclayer/pgfcoreimage.code.tex
File: pgfcoreimage.code.tex 2023-01-15 v3.1.10 (3.1.10)
) (/usr/share/texlive/texmf-dist/tex/generic/pgf/basiclayer/pgfcoreexternal.code.tex
File: pgfcoreexternal.code.tex 2023-01-15 v3.1.10 (3.1.10)
\pgfexternal@startupbox=\box60
) (/usr/share/texlive/texmf-dist/tex/generic/pgf/basiclayer/pgfcorelayers.code.tex
File: pgfcorelayers.code.tex 2023-01-15 v3.1.10 (3.1.10)
) (/usr/share/texlive/texmf-dist/tex/generic/pgf/basiclayer/pgfcoretransparency.code.tex
File: pgfcoretransparency.code.tex 2023-01-15 v3.1.10 (3.1.10)
) (/usr/share/texlive/texmf-dist/tex/generic/pgf/basiclayer/pgfcorepatterns.code.tex
File: pgfcorepatterns.code.tex 2023-01-15 v3.1.10 (3.1.10)
) (/usr/share/texlive/texmf-dist/tex/generic/pgf/basiclayer/pgfcorerdf.code.tex
File: pgfcorerdf.code.tex 2023-01-15 v3.1.10 (3.1.10)
))) (/usr/share/texlive/texmf-dist/tex/generic/pgf/modules/pgfmoduleshapes.code.tex
File: pgfmoduleshapes.code.tex 2023-01-15 v3.1.10 (3.1.10)
\pgfnodeparttextbox=\box61
) (/usr/share/texlive/texmf-dist/tex/generic/pgf/modules/pgfmoduleplot.code.tex
File: pgfmoduleplot.code.tex 2023-01-15 v3.1.10 (3.1.10)
) (/usr/share/texlive/texmf-dist/tex/latex/pgf/compatibility/pgfcomp-version-0-65.sty
Package: pgfcomp-version-0-65 2023-01-15 v3.1.10 (3.1.10)
\pgf@nodesepstart=\dimen257
\pgf@nodesepend=\dimen258
) (/usr/share/texlive/texmf-dist/tex/latex/pgf/compatibility/pgfcomp-version-1-18.sty
Package: pgfcomp-version-1-18 2023-01-15 v3.1.10 (3.1.10)
)) (/usr/share/texlive/texmf-dist/tex/latex/pgf/utilities/pgffor.sty (/usr/share/texlive/texmf-dist/tex/latex/pgf/utilities/pgfkeys.sty (/usr/share/texlive/texmf-dist/tex/generic/pgf/utilities/pgfkeys.code.tex)) (/usr/share/texlive/texmf-dist/tex/latex/pgf/math/pgfmath.sty (/usr/share/texlive/texmf-dist/tex/generic/pgf/math/pgfmath.code.tex)) (/usr/share/texlive/texmf-dist/tex/generic/pgf/utilities/pgffor.code.tex
Package: pgffor 2023-01-15 v3.1.10 (3.1.10)
\pgffor@iter=\dimen259
\pgffor@skip=\dimen260
\pgffor@stack=\toks37
\pgffor@toks=\toks38
)) (/usr/share/texlive/texmf-dist/tex/generic/pgf/frontendlayer/tikz/tikz.code.tex
Package: tikz 2023-01-15 v3.1.10 (3.1.10)
 (/usr/share/texlive/texmf-dist/tex/generic/pgf/libraries/pgflibraryplothandlers.code.tex
File: pgflibraryplothandlers.code.tex 2023-01-15 v3.1.10 (3.1.10)
\pgf@plot@mark@count=\count305
\pgfplotmarksize=\dimen261
)
\tikz@lastx=\dimen262
\tikz@lasty=\dimen263
\tikz@lastxsaved=\dimen264
\tikz@lastysaved=\dimen265
\tikz@lastmovetox=\dimen266
\tikz@lastmovetoy=\dimen267
\tikzleveldistance=\dimen268
\tikzsiblingdistance=\dimen269
\tikz@figbox=\box62
\tikz@figbox@bg=\box63
\tikz@tempbox=\box64
\tikz@tempbox@bg=\box65
\tikztreelevel=\count306
\tikznumberofchildren=\count307
\tikznumberofcurrentchild=\count308
\tikz@fig@count=\count309
 (/usr/share/texlive/texmf-dist/tex/generic/pgf/modules/pgfmodulematrix.code.tex
File: pgfmodulematrix.code.tex 2023-01-15 v3.1.10 (3.1.10)
\pgfmatrixcurrentrow=\count310
\pgfmatrixcurrentcolumn=\count311
\pgf@matrix@numberofcolumns=\count312
)
\tikz@expandcount=\count313
 (/usr/share/texlive/texmf-dist/tex/generic/pgf/frontendlayer/tikz/libraries/tikzlibrarytopaths.code.tex
File: tikzlibrarytopaths.code.tex 2023-01-15 v3.1.10 (3.1.10)
))) (/usr/share/texlive/texmf-dist/tex/generic/pgf/frontendlayer/tikz/libraries/tikzlibraryshapes.code.tex
File: tikzlibraryshapes.code.tex 2023-01-15 v3.1.10 (3.1.10)
 (/usr/share/texlive/texmf-dist/tex/generic/pgf/frontendlayer/tikz/libraries/tikzlibraryshapes.geometric.code.tex
File: tikzlibraryshapes.geometric.code.tex 2023-01-15 v3.1.10 (3.1.10)
 (/usr/share/texlive/texmf-dist/tex/generic/pgf/libraries/shapes/pgflibraryshapes.geometric.code.tex
File: pgflibraryshapes.geometric.code.tex 2023-01-15 v3.1.10 (3.1.10)
)) (/usr/share/texlive/texmf-dist/tex/generic/pgf/frontendlayer/tikz/libraries/tikzlibraryshapes.misc.code.tex
File: tikzlibraryshapes.misc.code.tex 2023-01-15 v3.1.10 (3.1.10)
 (/usr/share/texlive/texmf-dist/tex/generic/pgf/libraries/shapes/pgflibraryshapes.misc.code.tex
File: pgflibraryshapes.misc.code.tex 2023-01-15 v3.1.10 (3.1.10)
)) (/usr/share/texlive/texmf-dist/tex/generic/pgf/frontendlayer/tikz/libraries/tikzlibraryshapes.symbols.code.tex
File: tikzlibraryshapes.symbols.code.tex 2023-01-15 v3.1.10 (3.1.10)
 (/usr/share/texlive/texmf-dist/tex/generic/pgf/libraries/shapes/pgflibraryshapes.symbols.code.tex
File: pgflibraryshapes.symbols.code.tex 2023-01-15 v3.1.10 (3.1.10)
)) (/usr/share/texlive/texmf-dist/tex/generic/pgf/frontendlayer/tikz/libraries/tikzlibraryshapes.arrows.code.tex
File: tikzlibraryshapes.arrows.code.tex 2023-01-15 v3.1.10 (3.1.10)
 (/usr/share/texlive/texmf-dist/tex/generic/pgf/libraries/shapes/pgflibraryshapes.arrows.code.tex
File: pgflibraryshapes.arrows.code.tex 2023-01-15 v3.1.10 (3.1.10)
)) (/usr/share/texlive/texmf-dist/tex/generic/pgf/frontendlayer/tikz/libraries/tikzlibraryshapes.callouts.code.tex (/usr/share/texlive/texmf-dist/tex/generic/pgf/libraries/shapes/pgflibraryshapes.callouts.code.tex)) (/usr/share/texlive/texmf-dist/tex/generic/pgf/frontendlayer/tikz/libraries/tikzlibraryshapes.multipart.code.tex
File: tikzlibraryshapes.multipart.code.tex 2023-01-15 v3.1.10 (3.1.10)
 (/usr/share/texlive/texmf-dist/tex/generic/pgf/libraries/shapes/pgflibraryshapes.multipart.code.tex
File: pgflibraryshapes.multipart.code.tex 2023-01-15 v3.1.10 (3.1.10)
\pgfnodepartlowerbox=\box66
\pgfnodeparttwobox=\box67
\pgfnodepartthreebox=\box68
\pgfnodepartfourbox=\box69
\pgfnodeparttwentybox=\box70
\pgfnodepartnineteenbox=\box71
\pgfnodeparteighteenbox=\box72
\pgfnodepartseventeenbox=\box73
\pgfnodepartsixteenbox=\box74
\pgfnodepartfifteenbox=\box75
\pgfnodepartfourteenbox=\box76
\pgfnodepartthirteenbox=\box77
\pgfnodeparttwelvebox=\box78
\pgfnodepartelevenbox=\box79
\pgfnodeparttenbox=\box80
\pgfnodepartninebox=\box81
\pgfnodeparteightbox=\box82
\pgfnodepartsevenbox=\box83
\pgfnodepartsixbox=\box84
\pgfnodepartfivebox=\box85
))) (/usr/share/texlive/texmf-dist/tex/generic/pgf/libraries/pgflibraryarrows.meta.code.tex
File: pgflibraryarrows.meta.code.tex 2023-01-15 v3.1.10 (3.1.10)
\pgfarrowinset=\dimen270
\pgfarrowlength=\dimen271
\pgfarrowwidth=\dimen272
\pgfarrowlinewidth=\dimen273
) (/usr/share/texlive/texmf-dist/tex/generic/pgf/frontendlayer/tikz/libraries/tikzlibrarypositioning.code.tex
File: tikzlibrarypositioning.code.tex 2023-01-15 v3.1.10 (3.1.10)
) (/usr/share/texlive/texmf-dist/tex/generic/pgf/frontendlayer/tikz/libraries/tikzlibraryfit.code.tex
File: tikzlibraryfit.code.tex 2023-01-15 v3.1.10 (3.1.10)
) (/usr/share/texlive/texmf-dist/tex/generic/pgf/frontendlayer/tikz/libraries/tikzlibrarybackgrounds.code.tex
File: tikzlibrarybackgrounds.code.tex 2023-01-15 v3.1.10 (3.1.10)
\pgf@layerbox@background=\box86
\pgf@layerboxsaved@background=\box87
) (/usr/share/texlive/texmf-dist/tex/generic/pgf/frontendlayer/tikz/libraries/tikzlibrarycalc.code.tex
File: tikzlibrarycalc.code.tex 2023-01-15 v3.1.10 (3.1.10)
) (/usr/share/texlive/texmf-dist/tex/latex/tools/array.sty
Package: array 2023/10/16 v2.5g Tabular extension package (FMi)
\col@sep=\dimen274
\ar@mcellbox=\box88
\extrarowheight=\dimen275
\NC@list=\toks39
\extratabsurround=\skip53
\backup@length=\skip54
\ar@cellbox=\box89
) (/usr/share/texlive/texmf-dist/tex/latex/tools/tabularx.sty
Package: tabularx 2023/07/08 v2.11c `tabularx' package (DPC)
\TX@col@width=\dimen276
\TX@old@table=\dimen277
\TX@old@col=\dimen278
\TX@target=\dimen279
\TX@delta=\dimen280
\TX@cols=\count314
\TX@ftn=\toks40
) (/usr/share/texlive/texmf-dist/tex/latex/booktabs/booktabs.sty
Package: booktabs 2020/01/12 v1.61803398 Publication quality tables
\heavyrulewidth=\dimen281
\lightrulewidth=\dimen282
\cmidrulewidth=\dimen283
\belowrulesep=\dimen284
\belowbottomsep=\dimen285
\aboverulesep=\dimen286
\abovetopsep=\dimen287
\cmidrulesep=\dimen288
\cmidrulekern=\dimen289
\defaultaddspace=\dimen290
\@cmidla=\count315
\@cmidlb=\count316
\@aboverulesep=\dimen291
\@belowrulesep=\dimen292
\@thisruleclass=\count317
\@lastruleclass=\count318
\@thisrulewidth=\dimen293
) (/usr/share/texlive/texmf-dist/tex/latex/tools/longtable.sty
Package: longtable 2023-11-01 v4.19 Multi-page Table package (DPC)
\LTleft=\skip55
\LTright=\skip56
\LTpre=\skip57
\LTpost=\skip58
\LTchunksize=\count319
\LTcapwidth=\dimen294
\LT@head=\box90
\LT@firsthead=\box91
\LT@foot=\box92
\LT@lastfoot=\box93
\LT@gbox=\box94
\LT@cols=\count320
\LT@rows=\count321
\c@LT@tables=\count322
\c@LT@chunks=\count323
\LT@p@ftn=\toks41
) (/usr/share/texlive/texmf-dist/tex/latex/multirow/multirow.sty
Package: multirow 2021/03/15 v2.8 Span multiple rows of a table
\multirow@colwidth=\skip59
\multirow@cntb=\count324
\multirow@dima=\skip60
\bigstrutjot=\dimen295
) (/usr/share/texlive/texmf-dist/tex/latex/enumitem/enumitem.sty
Package: enumitem 2019/06/20 v3.9 Customized lists
\enitkv@toks@=\toks42
\labelindent=\skip61
\enit@outerparindent=\dimen296
\enit@toks=\toks43
\enit@inbox=\box95
\enit@count@id=\count325
\enitdp@description=\count326
) (/usr/share/texlive/texmf-dist/tex/latex/hyperref/hyperref.sty
Package: hyperref 2024-01-20 v7.01h Hypertext links for LaTeX
 (/usr/share/texlive/texmf-dist/tex/latex/kvsetkeys/kvsetkeys.sty
Package: kvsetkeys 2022-10-05 v1.19 Key value parser (HO)
) (/usr/share/texlive/texmf-dist/tex/generic/kvdefinekeys/kvdefinekeys.sty
Package: kvdefinekeys 2019-12-19 v1.6 Define keys (HO)
) (/usr/share/texlive/texmf-dist/tex/generic/pdfescape/pdfescape.sty
Package: pdfescape 2019/12/09 v1.15 Implements pdfTeX's escape features (HO)
 (/usr/share/texlive/texmf-dist/tex/generic/ltxcmds/ltxcmds.sty
Package: ltxcmds 2023-12-04 v1.26 LaTeX kernel commands for general use (HO)
) (/usr/share/texlive/texmf-dist/tex/generic/pdftexcmds/pdftexcmds.sty
Package: pdftexcmds 2020-06-27 v0.33 Utility functions of pdfTeX for LuaTeX (HO)
 (/usr/share/texlive/texmf-dist/tex/generic/infwarerr/infwarerr.sty
Package: infwarerr 2019/12/03 v1.5 Providing info/warning/error messages (HO)
)
Package pdftexcmds Info: \pdf@primitive is available.
Package pdftexcmds Info: \pdf@ifprimitive is available.
Package pdftexcmds Info: \pdfdraftmode not found.
)) (/usr/share/texlive/texmf-dist/tex/latex/hycolor/hycolor.sty
Package: hycolor 2020-01-27 v1.10 Color options for hyperref/bookmark (HO)
) (/usr/share/texlive/texmf-dist/tex/latex/auxhook/auxhook.sty
Package: auxhook 2019-12-17 v1.6 Hooks for auxiliary files (HO)
) (/usr/share/texlive/texmf-dist/tex/latex/hyperref/nameref.sty
Package: nameref 2023-11-26 v2.56 Cross-referencing by name of section
 (/usr/share/texlive/texmf-dist/tex/latex/refcount/refcount.sty
Package: refcount 2019/12/15 v3.6 Data extraction from label references (HO)
) (/usr/share/texlive/texmf-dist/tex/generic/gettitlestring/gettitlestring.sty
Package: gettitlestring 2019/12/15 v1.6 Cleanup title references (HO)
 (/usr/share/texlive/texmf-dist/tex/latex/kvoptions/kvoptions.sty
Package: kvoptions 2022-06-15 v3.15 Key value format for package options (HO)
))
\c@section@level=\count327
)
\@linkdim=\dimen297
\Hy@linkcounter=\count328
\Hy@pagecounter=\count329
 (/usr/share/texlive/texmf-dist/tex/latex/hyperref/pd1enc.def
File: pd1enc.def 2024-01-20 v7.01h Hyperref: PDFDocEncoding definition (HO)
) (/usr/share/texlive/texmf-dist/tex/generic/intcalc/intcalc.sty
Package: intcalc 2019/12/15 v1.3 Expandable calculations with integers (HO)
)
\Hy@SavedSpaceFactor=\count330
 (/usr/share/texlive/texmf-dist/tex/latex/hyperref/puenc.def
File: puenc.def 2024-01-20 v7.01h Hyperref: PDF Unicode definition (HO)
)
Package hyperref Info: Hyper figures OFF on input line 4179.
Package hyperref Info: Link nesting OFF on input line 4184.
Package hyperref Info: Hyper index ON on input line 4187.
Package hyperref Info: Plain pages OFF on input line 4194.
Package hyperref Info: Backreferencing OFF on input line 4199.
Package hyperref Info: Implicit mode ON; LaTeX internals redefined.
Package hyperref Info: Bookmarks ON on input line 4446.
\c@Hy@tempcnt=\count331
 (/usr/share/texlive/texmf-dist/tex/latex/url/url.sty
\Urlmuskip=\muskip17
Package: url 2013/09/16  ver 3.4  Verb mode for urls, etc.
)
LaTeX Info: Redefining \url on input line 4784.
\XeTeXLinkMargin=\dimen298
 (/usr/share/texlive/texmf-dist/tex/generic/bitset/bitset.sty
Package: bitset 2019/12/09 v1.3 Handle bit-vector datatype (HO)
 (/usr/share/texlive/texmf-dist/tex/generic/bigintcalc/bigintcalc.sty
Package: bigintcalc 2019/12/15 v1.5 Expandable calculations on big integers (HO)
))
\Fld@menulength=\count332
\Field@Width=\dimen299
\Fld@charsize=\dimen300
Package hyperref Info: Hyper figures OFF on input line 6063.
Package hyperref Info: Link nesting OFF on input line 6068.
Package hyperref Info: Hyper index ON on input line 6071.
Package hyperref Info: backreferencing OFF on input line 6078.
Package hyperref Info: Link coloring OFF on input line 6083.
Package hyperref Info: Link coloring with OCG OFF on input line 6088.
Package hyperref Info: PDF/A mode OFF on input line 6093.
 (/usr/share/texlive/texmf-dist/tex/latex/base/atbegshi-ltx.sty
Package: atbegshi-ltx 2021/01/10 v1.0c Emulation of the original atbegshi
package with kernel methods
)
\Hy@abspage=\count333
\c@Item=\count334
\c@Hfootnote=\count335
)
Package hyperref Info: Driver (autodetected): hxetex.
 (/usr/share/texlive/texmf-dist/tex/latex/hyperref/hxetex.def
File: hxetex.def 2024-01-20 v7.01h Hyperref driver for XeTeX
 (/usr/share/texlive/texmf-dist/tex/generic/stringenc/stringenc.sty
Package: stringenc 2019/11/29 v1.12 Convert strings between diff. encodings (HO)
)
\pdfm@box=\box96
\c@Hy@AnnotLevel=\count336
\HyField@AnnotCount=\count337
\Fld@listcount=\count338
\c@bookmark@seq@number=\count339
 (/usr/share/texlive/texmf-dist/tex/latex/rerunfilecheck/rerunfilecheck.sty
Package: rerunfilecheck 2022-07-10 v1.10 Rerun checks for auxiliary files (HO)
 (/usr/share/texlive/texmf-dist/tex/latex/base/atveryend-ltx.sty
Package: atveryend-ltx 2020/08/19 v1.0a Emulation of the original atveryend package
with kernel methods
) (/usr/share/texlive/texmf-dist/tex/generic/uniquecounter/uniquecounter.sty
Package: uniquecounter 2019/12/15 v1.4 Provide unlimited unique counter (HO)
)
Package uniquecounter Info: New unique counter `rerunfilecheck' on input line 285.
)
\Hy@SectionHShift=\skip62
)
Package hyperref Info: Option `colorlinks' set `true' on input line 78.
Package hyperref Info: Option `bookmarksnumbered' set `true' on input line 78.
Package hyperref Info: Option `bookmarksopen' set `true' on input line 78.
 (/usr/share/texlive/texmf-dist/tex/latex/cleveref/cleveref.sty
Package: cleveref 2018/03/27 v0.21.4 Intelligent cross-referencing
Package cleveref Info: `hyperref' support loaded on input line 2370.
LaTeX Info: Redefining \cref on input line 2370.
LaTeX Info: Redefining \Cref on input line 2370.
LaTeX Info: Redefining \crefrange on input line 2370.
LaTeX Info: Redefining \Crefrange on input line 2370.
LaTeX Info: Redefining \cpageref on input line 2370.
LaTeX Info: Redefining \Cpageref on input line 2370.
LaTeX Info: Redefining \cpagerefrange on input line 2370.
LaTeX Info: Redefining \Cpagerefrange on input line 2370.
LaTeX Info: Redefining \labelcref on input line 2370.
LaTeX Info: Redefining \labelcpageref on input line 2370.
Package cleveref Info: always capitalise cross-reference names on input line 7830.
Package cleveref Info: always capitalise cross-reference names on input line 7852.
Package cleveref Info: no abbreviation of names on input line 7852.
) (/usr/share/texlive/texmf-dist/tex/latex/fontawesome5/fontawesome5.sty
Package: fontawesome5 2022/05/02 v5.15.4 Font Awesome 5
 (/usr/share/texlive/texmf-dist/tex/latex/l3packages/l3keys2e/l3keys2e.sty
Package: l3keys2e 2023-10-10 LaTeX2e option processing using LaTeX3 keys
)
(/usr/share/texlive/texmf-dist/tex/latex/fontawesome5/fontawesome5-utex-helper.sty
Package: fontawesome5-utex-helper 2022/05/02 v5.15.4 uTeX helper for fontawesome5
LaTeX Font Info:    Trying to load font information for TU+fontawesomefree on input line 69.
 (/usr/share/texlive/texmf-dist/tex/latex/fontawesome5/tufontawesomefree.fd)
LaTeX Font Info:    Trying to load font information for TU+fontawesomebrands on input line 70.
 (/usr/share/texlive/texmf-dist/tex/latex/fontawesome5/tufontawesomebrands.fd))) (/usr/share/texlive/texmf-dist/tex/latex/tcolorbox/tcolorbox.sty
Package: tcolorbox 2024/01/10 version 6.2.0 text color boxes
 (/usr/share/texlive/texmf-dist/tex/latex/tools/verbatim.sty
Package: verbatim 2023-11-06 v1.5v LaTeX2e package for verbatim enhancements
\every@verbatim=\toks44
\verbatim@line=\toks45
\verbatim@in@stream=\read3
) (/usr/share/texlive/texmf-dist/tex/latex/environ/environ.sty
Package: environ 2014/05/04 v0.3 A new way to define environments
 (/usr/share/texlive/texmf-dist/tex/latex/trimspaces/trimspaces.sty
Package: trimspaces 2009/09/17 v1.1 Trim spaces around a token list
))
\tcb@titlebox=\box97
\tcb@upperbox=\box98
\tcb@lowerbox=\box99
\tcb@phantombox=\box100
\c@tcbbreakpart=\count340
\c@tcblayer=\count341
\c@tcolorbox@number=\count342
\l__tcobox_tmpa_box=\box101
\l__tcobox_tmpa_dim=\dimen301
\tcb@temp=\box102
\tcb@temp=\box103
\tcb@temp=\box104
\tcb@temp=\box105
) (/usr/share/texlive/texmf-dist/tex/latex/tcolorbox/tcbminted.code.tex
Library (tcolorbox): 'tcbminted.code.tex' version '6.2.0'
(/usr/share/texlive/texmf-dist/tex/latex/minted/minted.sty
Package: minted 2023/12/18 v2.9 Yet another Pygments shim for LaTeX
 (/usr/share/texlive/texmf-dist/tex/latex/fvextra/fvextra.sty
Package: fvextra 2023/11/28 v1.6.1 fvextra - extensions and patches for fancyvrb
 (/usr/share/texlive/texmf-dist/tex/latex/fancyvrb/fancyvrb.sty
Package: fancyvrb 2024/01/20 4.5c verbatim text (tvz,hv)
\FV@CodeLineNo=\count343
\FV@InFile=\read4
\FV@TabBox=\box106
\c@FancyVerbLine=\count344
\FV@StepNumber=\count345
\FV@OutFile=\write4
) (/usr/share/texlive/texmf-dist/tex/latex/upquote/upquote.sty
Package: upquote 2012/04/19 v1.3 upright-quote and grave-accent glyphs in verbatim
 (/usr/share/texlive/texmf-dist/tex/latex/base/textcomp.sty
Package: textcomp 2020/02/02 v2.0n Standard LaTeX package
)) (/usr/share/texlive/texmf-dist/tex/latex/lineno/lineno.sty
Package: lineno 2023/05/20 line numbers on paragraphs v5.3
Invalid UTF-8 byte or sequence at line 292 replaced by U+FFFD.
\linenopenalty=\count346
\output=\toks46
\linenoprevgraf=\count347
\linenumbersep=\dimen302
\linenumberwidth=\dimen303
\c@linenumber=\count348
\c@pagewiselinenumber=\count349
\c@LN@truepage=\count350
\c@internallinenumber=\count351
\c@internallinenumbers=\count352
\quotelinenumbersep=\dimen304
\bframerule=\dimen305
\bframesep=\dimen306
\bframebox=\box107
\linenoamsmath@ams@eqpen=\count353
LaTeX Info: Redefining \\ on input line 3180.
)
\c@FancyVerbWriteLine=\count354
\c@FancyVerbBufferIndex=\count355
\c@FancyVerbBufferLength=\count356
\c@FancyVerbBufferLine=\count357
\c@FV@oldbufferlength=\count358
\c@FV@TrueTabGroupLevel=\count359
\c@FV@TrueTabCounter=\count360
\FV@TabBox@Group=\box108
\FV@TmpLength=\skip63
\c@FV@HighlightLinesStart=\count361
\c@FV@HighlightLinesStop=\count362
\FV@LoopCount=\count363
\FV@NCharsBox=\box109
\FV@BreakIndent=\dimen307
\FV@BreakIndentNChars=\count364
\FV@BreakSymbolSepLeft=\dimen308
\FV@BreakSymbolSepLeftNChars=\count365
\FV@BreakSymbolSepRight=\dimen309
\FV@BreakSymbolSepRightNChars=\count366
\FV@BreakSymbolIndentLeft=\dimen310
\FV@BreakSymbolIndentLeftNChars=\count367
\FV@BreakSymbolIndentRight=\dimen311
\FV@BreakSymbolIndentRightNChars=\count368
\c@FancyVerbLineBreakLast=\count369
\FV@LineBox=\box110
\FV@LineIndentBox=\box111
\c@FV@BreakBufferDepth=\count370
\FV@LineWidth=\dimen312
) (/usr/share/texlive/texmf-dist/tex/latex/base/ifthen.sty
Package: ifthen 2022/04/13 v1.1d Standard LaTeX ifthen package (DPC)
) (/usr/share/texlive/texmf-dist/tex/latex/tools/shellesc.sty
Package: shellesc 2023/07/08 v1.0d unified shell escape interface for LaTeX
Package shellesc Info: Unrestricted shell escape enabled on input line 75.
) (/usr/share/texlive/texmf-dist/tex/latex/ifplatform/ifplatform.sty
Package: ifplatform 2017/10/13 v0.4a Testing for the operating system
 (/usr/share/texlive/texmf-dist/tex/generic/catchfile/catchfile.sty
Package: catchfile 2019/12/09 v1.8 Catch the contents of a file (HO)
 (/usr/share/texlive/texmf-dist/tex/generic/etexcmds/etexcmds.sty
Package: etexcmds 2019/12/15 v1.7 Avoid name clashes with e-TeX commands (HO)
)) (/usr/share/texlive/texmf-dist/tex/generic/iftex/ifluatex.sty
Package: ifluatex 2019/10/25 v1.5 ifluatex legacy package. Use iftex instead.
)
runsystem(uname -s > "main.w18")...executed.

 (./main.w18)
runsystem(rm -- "main.w18")...executed.

) (/usr/share/texlive/texmf-dist/tex/generic/xstring/xstring.sty (/usr/share/texlive/texmf-dist/tex/generic/xstring/xstring.tex
\xs_counta=\count371
\xs_countb=\count372
)
Package: xstring 2023/08/22 v1.86 String manipulations (CT)
) (/usr/share/texlive/texmf-dist/tex/latex/framed/framed.sty
Package: framed 2011/10/22 v 0.96: framed or shaded text with page breaks
\OuterFrameSep=\skip64
\fb@frw=\dimen313
\fb@frh=\dimen314
\FrameRule=\dimen315
\FrameSep=\dimen316
) (/usr/share/texlive/texmf-dist/tex/latex/float/float.sty
Package: float 2001/11/08 v1.3d Float enhancements (AL)
\c@float@type=\count373
\float@exts=\toks47
\float@box=\box112
\@float@everytoks=\toks48
\@floatcapt=\box113
)
\minted@appexistsfile=\read5
\minted@bgbox=\box114
\minted@code=\write5
\c@minted@FancyVerbLineTemp=\count374
\c@minted@pygmentizecounter=\count375
\@float@every@listing=\toks49
\c@listing=\count376
)
runsystem(mkdir -p _minted-main)...executed.

 (/usr/share/texlive/texmf-dist/tex/latex/tcolorbox/tcblistingscore.code.tex
Library (tcolorbox): 'tcblistingscore.code.tex' version '6.2.0'
(/usr/share/texlive/texmf-dist/tex/latex/tcolorbox/tcbprocessing.code.tex
Library (tcolorbox): 'tcbprocessing.code.tex' version '6.2.0'
)
\c@tcblisting=\count377
)) (/usr/share/texlive/texmf-dist/tex/latex/tcolorbox/tcbbreakable.code.tex
Library (tcolorbox): 'tcbbreakable.code.tex' version '6.2.0'
(/usr/share/texlive/texmf-dist/tex/latex/pdfcol/pdfcol.sty
Package: pdfcol 2022-09-21 v1.7 Handle new color stacks for pdfTeX (HO)
Package pdfcol Info: Interface disabled because of missing PDF mode of pdfTeX.
)
Package pdfcol Info: pdfTeX's color stacks are not available.
\tcb@testbox=\box115
\tcb@totalupperbox=\box116
\tcb@totallowerbox=\box117
) (/usr/share/texlive/texmf-dist/tex/latex/tcolorbox/tcbskins.code.tex
Library (tcolorbox): 'tcbskins.code.tex' version '6.2.0'
(/usr/share/texlive/texmf-dist/tex/latex/tikzfill/tikzfill.image.sty
Package: tikzfill.image 2023/08/08 v1.0.1 Image filling library for TikZ
 (/usr/share/texlive/texmf-dist/tex/latex/tikzfill/tikzfill-common.sty
Package: tikzfill-common 2023/08/08 v1.0.1 Auxiliary code for tikzfill
) (/usr/share/texlive/texmf-dist/tex/latex/tikzfill/tikzlibraryfill.image.code.tex
File: tikzlibraryfill.image.code.tex 2023/08/08 v1.0.1 Image filling library
\l__tikzfill_img_box=\box118
)) (/usr/share/texlive/texmf-dist/tex/latex/tcolorbox/tcbskinsjigsaw.code.tex
Library (tcolorbox): 'tcbskinsjigsaw.code.tex' version '6.2.0'
)) (/usr/share/texlive/texmf-dist/tex/latex/titlesec/titlesec.sty
Package: titlesec 2023/10/27 v2.16 Sectioning titles
\ttl@box=\box119
\beforetitleunit=\skip65
\aftertitleunit=\skip66
\ttl@plus=\dimen317
\ttl@minus=\dimen318
\ttl@toksa=\toks50
\titlewidth=\dimen319
\titlewidthlast=\dimen320
\titlewidthfirst=\dimen321
) (/usr/share/texlive/texmf-dist/tex/latex/fancyhdr/fancyhdr.sty
Package: fancyhdr 2022/11/09 v4.1 Extensive control of page headers and footers
\f@nch@headwidth=\skip67
\f@nch@O@elh=\skip68
\f@nch@O@erh=\skip69
\f@nch@O@olh=\skip70
\f@nch@O@orh=\skip71
\f@nch@O@elf=\skip72
\f@nch@O@erf=\skip73
\f@nch@O@olf=\skip74
\f@nch@O@orf=\skip75
) (/usr/share/texlive/texmf-dist/tex/latex/tocloft/tocloft.sty
Package: tocloft 2017/08/31 v2.3i parameterised ToC, etc., typesetting
Package tocloft Info: The document has chapter divisions on input line 51.
\cftparskip=\skip76
\cftbeforetoctitleskip=\skip77
\cftaftertoctitleskip=\skip78
\cftbeforepartskip=\skip79
\cftpartnumwidth=\skip80
\cftpartindent=\skip81
\cftbeforechapskip=\skip82
\cftchapindent=\skip83
\cftchapnumwidth=\skip84
\cftbeforesecskip=\skip85
\cftsecindent=\skip86
\cftsecnumwidth=\skip87
\cftbeforesubsecskip=\skip88
\cftsubsecindent=\skip89
\cftsubsecnumwidth=\skip90
\cftbeforesubsubsecskip=\skip91
\cftsubsubsecindent=\skip92
\cftsubsubsecnumwidth=\skip93
\cftbeforeparaskip=\skip94
\cftparaindent=\skip95
\cftparanumwidth=\skip96
\cftbeforesubparaskip=\skip97
\cftsubparaindent=\skip98
\cftsubparanumwidth=\skip99
\cftbeforeloftitleskip=\skip100
\cftafterloftitleskip=\skip101
\cftbeforefigskip=\skip102
\cftfigindent=\skip103
\cftfignumwidth=\skip104
\c@lofdepth=\count378
\c@lotdepth=\count379
\cftbeforelottitleskip=\skip105
\cftafterlottitleskip=\skip106
\cftbeforetabskip=\skip107
\cfttabindent=\skip108
\cfttabnumwidth=\skip109
) (/usr/share/texlive/texmf-dist/tex/latex/caption/caption.sty
Package: caption 2023/08/05 v3.6o Customizing captions (AR)
 (/usr/share/texlive/texmf-dist/tex/latex/caption/caption3.sty
Package: caption3 2023/07/31 v2.4d caption3 kernel (AR)
\caption@tempdima=\dimen322
\captionmargin=\dimen323
\caption@leftmargin=\dimen324
\caption@rightmargin=\dimen325
\caption@width=\dimen326
\caption@indent=\dimen327
\caption@parindent=\dimen328
\caption@hangindent=\dimen329
Package caption Info: Standard document class detected.
)
\c@caption@flags=\count380
\c@continuedfloat=\count381
Package caption Info: float package is loaded.
Package caption Info: hyperref package is loaded.
Package caption Info: longtable package is loaded.
 (/usr/share/texlive/texmf-dist/tex/latex/caption/ltcaption.sty
Package: ltcaption 2021/01/08 v1.4c longtable captions (AR)
))) (/usr/share/texlive/texmf-dist/tex/latex/tools/xspace.sty
Package: xspace 2014/10/28 v1.13 Space after command names (DPC,MH)
)
runsystem(command -v pygmentize && touch main.aex)...executed.

runsystem(rm main.aex)...executed.

 (./main.aux)
\openout1 = `main.aux'.

LaTeX Font Info:    Checking defaults for OML/cmm/m/it on input line 9.
LaTeX Font Info:    ... okay on input line 9.
LaTeX Font Info:    Checking defaults for OMS/cmsy/m/n on input line 9.
LaTeX Font Info:    ... okay on input line 9.
LaTeX Font Info:    Checking defaults for OT1/cmr/m/n on input line 9.
LaTeX Font Info:    ... okay on input line 9.
LaTeX Font Info:    Checking defaults for T1/cmr/m/n on input line 9.
LaTeX Font Info:    ... okay on input line 9.
LaTeX Font Info:    Checking defaults for TS1/cmr/m/n on input line 9.
LaTeX Font Info:    Trying to load font information for TS1+cmr on input line 9.
 (/usr/share/texlive/texmf-dist/tex/latex/base/ts1cmr.fd
File: ts1cmr.fd 2023/04/13 v2.5m Standard LaTeX font definitions
)
LaTeX Font Info:    ... okay on input line 9.
LaTeX Font Info:    Checking defaults for TU/lmr/m/n on input line 9.
LaTeX Font Info:    ... okay on input line 9.
LaTeX Font Info:    Checking defaults for OMX/cmex/m/n on input line 9.
LaTeX Font Info:    ... okay on input line 9.
LaTeX Font Info:    Checking defaults for U/cmr/m/n on input line 9.
LaTeX Font Info:    ... okay on input line 9.
LaTeX Font Info:    Checking defaults for PD1/pdf/m/n on input line 9.
LaTeX Font Info:    ... okay on input line 9.
LaTeX Font Info:    Checking defaults for PU/pdf/m/n on input line 9.
LaTeX Font Info:    ... okay on input line 9.

Package fontspec Info: Adjusting the maths setup (use [no-math] to avoid
(fontspec)             this).

\symlegacymaths=\mathgroup6
LaTeX Font Info:    Overwriting symbol font `legacymaths' in version `bold'
(Font)                  OT1/cmr/m/n --> OT1/cmr/bx/n on input line 9.
LaTeX Font Info:    Redeclaring math accent \acute on input line 9.
LaTeX Font Info:    Redeclaring math accent \grave on input line 9.
LaTeX Font Info:    Redeclaring math accent \ddot on input line 9.
LaTeX Font Info:    Redeclaring math accent \tilde on input line 9.
LaTeX Font Info:    Redeclaring math accent \bar on input line 9.
LaTeX Font Info:    Redeclaring math accent \breve on input line 9.
LaTeX Font Info:    Redeclaring math accent \check on input line 9.
LaTeX Font Info:    Redeclaring math accent \hat on input line 9.
LaTeX Font Info:    Redeclaring math accent \dot on input line 9.
LaTeX Font Info:    Redeclaring math accent \mathring on input line 9.
LaTeX Font Info:    Redeclaring math symbol \Gamma on input line 9.
LaTeX Font Info:    Redeclaring math symbol \Delta on input line 9.
LaTeX Font Info:    Redeclaring math symbol \Theta on input line 9.
LaTeX Font Info:    Redeclaring math symbol \Lambda on input line 9.
LaTeX Font Info:    Redeclaring math symbol \Xi on input line 9.
LaTeX Font Info:    Redeclaring math symbol \Pi on input line 9.
LaTeX Font Info:    Redeclaring math symbol \Sigma on input line 9.
LaTeX Font Info:    Redeclaring math symbol \Upsilon on input line 9.
LaTeX Font Info:    Redeclaring math symbol \Phi on input line 9.
LaTeX Font Info:    Redeclaring math symbol \Psi on input line 9.
LaTeX Font Info:    Redeclaring math symbol \Omega on input line 9.
LaTeX Font Info:    Redeclaring math symbol \mathdollar on input line 9.
LaTeX Font Info:    Redeclaring symbol font `operators' on input line 9.
LaTeX Font Info:    Encoding `OT1' has changed to `TU' for symbol font
(Font)              `operators' in the math version `normal' on input line 9.
LaTeX Font Info:    Overwriting symbol font `operators' in version `normal'
(Font)                  OT1/cmr/m/n --> TU/FiraSans(0)/m/n on input line 9.
LaTeX Font Info:    Encoding `OT1' has changed to `TU' for symbol font
(Font)              `operators' in the math version `bold' on input line 9.
LaTeX Font Info:    Overwriting symbol font `operators' in version `bold'
(Font)                  OT1/cmr/bx/n --> TU/FiraSans(0)/m/n on input line 9.
LaTeX Font Info:    Overwriting symbol font `operators' in version `normal'
(Font)                  TU/FiraSans(0)/m/n --> TU/FiraSans(0)/m/n on input line 9.
LaTeX Font Info:    Overwriting math alphabet `\mathit' in version `normal'
(Font)                  OT1/cmr/m/it --> TU/FiraSans(0)/m/it on input line 9.
LaTeX Font Info:    Overwriting math alphabet `\mathbf' in version `normal'
(Font)                  OT1/cmr/bx/n --> TU/FiraSans(0)/b/n on input line 9.
LaTeX Font Info:    Overwriting math alphabet `\mathsf' in version `normal'
(Font)                  OT1/cmss/m/n --> TU/FiraSans(0)/m/n on input line 9.
LaTeX Font Info:    Overwriting math alphabet `\mathtt' in version `normal'
(Font)                  OT1/cmtt/m/n --> TU/FiraMono(0)/m/n on input line 9.
LaTeX Font Info:    Overwriting symbol font `operators' in version `bold'
(Font)                  TU/FiraSans(0)/m/n --> TU/FiraSans(0)/b/n on input line 9.
LaTeX Font Info:    Overwriting math alphabet `\mathit' in version `bold'
(Font)                  OT1/cmr/bx/it --> TU/FiraSans(0)/b/it on input line 9.
LaTeX Font Info:    Overwriting math alphabet `\mathsf' in version `bold'
(Font)                  OT1/cmss/bx/n --> TU/FiraSans(0)/b/n on input line 9.
LaTeX Font Info:    Overwriting math alphabet `\mathtt' in version `bold'
(Font)                  OT1/cmtt/m/n --> TU/FiraMono(0)/b/n on input line 9.

*geometry* driver: auto-detecting
*geometry* detected driver: xetex
*geometry* verbose mode - [ preamble ] result:
* driver: xetex
* paper: a4paper
* layout: <same size as paper>
* layoutoffset:(h,v)=(0.0pt,0.0pt)
* modes: twoside 
* h-part:(L,W,R)=(71.13188pt, 455.24411pt, 71.13188pt)
* v-part:(T,H,B)=(71.13188pt, 702.78308pt, 71.13188pt)
* \paperwidth=597.50787pt
* \paperheight=845.04684pt
* \textwidth=455.24411pt
* \textheight=702.78308pt
* \oddsidemargin=-1.1381pt
* \evensidemargin=-1.1381pt
* \topmargin=-33.0119pt
* \headheight=12.0pt
* \headsep=19.8738pt
* \topskip=11.0pt
* \footskip=27.46295pt
* \marginparwidth=62.59596pt
* \marginparsep=11.38092pt
* \columnsep=10.0pt
* \skip\footins=10.0pt plus 4.0pt minus 2.0pt
* \hoffset=0.0pt
* \voffset=0.0pt
* \mag=1000
* \@twocolumnfalse
* \@twosidetrue
* \@mparswitchtrue
* \@reversemarginfalse
* (1in=72.27pt=25.4mm, 1cm=28.453pt)

LaTeX Info: Redefining \microtypecontext on input line 9.
Package microtype Info: Applying patch `item' on input line 9.
Package microtype Info: Applying patch `toc' on input line 9.
Package microtype Info: Applying patch `eqnum' on input line 9.
Package microtype Info: Applying patch `footnote' on input line 9.
Package microtype Info: Applying patch `verbatim' on input line 9.
Package microtype Info: Character protrusion enabled (level 2).
Package microtype Info: Using default protrusion set `alltext'.
Package microtype Info: No adjustment of tracking.
Package microtype Info: No adjustment of spacing.
Package microtype Info: No adjustment of kerning.
Package microtype Info: Loading generic protrusion settings for font family
(microtype)             `FiraSans' (encoding: TU).
(microtype)             For optimal results, create family-specific settings.
(microtype)             See the microtype manual for details.
Package hyperref Info: Link coloring ON on input line 9.
(./main.out) (./main.out)
\@outlinefile=\write6
\openout6 = `main.out'.

Package caption Info: Begin \AtBeginDocument code.
Package caption Info: End \AtBeginDocument code.
LaTeX Info: Redefining \rmfamily on input line 9.
LaTeX Info: Redefining \sffamily on input line 9.
LaTeX Info: Redefining \ttfamily on input line 9.


Package polyglossia Warning: Asking to add empty feature to latin font (Language="Brazilian" to langtag "") on input line 9.

(./capa.tex
*geometry* verbose mode - [ newgeometry ] result:
* driver: xetex
* paper: a4paper
* layout: <same size as paper>
* layoutoffset:(h,v)=(0.0pt,0.0pt)
* modes: twoside 
* h-part:(L,W,R)=(0.0pt, 597.50787pt, 0.0pt)
* v-part:(T,H,B)=(0.0pt, 845.04684pt, 0.0pt)
* \paperwidth=597.50787pt
* \paperheight=845.04684pt
* \textwidth=597.50787pt
* \textheight=845.04684pt
* \oddsidemargin=-72.26999pt
* \evensidemargin=-72.26999pt
* \topmargin=-104.14378pt
* \headheight=12.0pt
* \headsep=19.8738pt
* \topskip=11.0pt
* \footskip=27.46295pt
* \marginparwidth=62.59596pt
* \marginparsep=11.38092pt
* \columnsep=10.0pt
* \skip\footins=10.0pt plus 4.0pt minus 2.0pt
* \hoffset=0.0pt
* \voffset=0.0pt
* \mag=1000
* \@twocolumnfalse
* \@twosidetrue
* \@mparswitchtrue
* \@reversemarginfalse
* (1in=72.27pt=25.4mm, 1cm=28.453pt)

LaTeX Font Info:    Font shape `TU/FiraMono(0)/b/n' will be
(Font)              scaled to size 7.92004pt on input line 31.
Package microtype Info: Loading generic protrusion settings for font family
(microtype)             `FiraMono' (encoding: TU).
(microtype)             For optimal results, create family-specific settings.
(microtype)             See the microtype manual for details.


Package polyglossia Warning: Asking to add empty feature to latin font (Language="Brazilian" to langtag "") on input line 31.

LaTeX Font Info:    Font shape `TU/FiraMono(0)/m/n' will be
(Font)              scaled to size 8.80005pt on input line 55.

Package polyglossia Warning: Asking to add empty feature to latin font (Language="Brazilian" to langtag "") on input line 55.


Package polyglossia Warning: Asking to add empty feature to latin font (Language="Brazilian" to langtag "") on input line 57.

[1



])

Package polyglossia Warning: Asking to add empty feature to latin font (Language="Brazilian" to langtag "") on input line 13.

[2



] (./capitulos/00-prefacio.tex

Package polyglossia Warning: Asking to add empty feature to latin font (Language="Brazilian" to langtag "") on input line 1.


Package polyglossia Warning: Asking to add empty feature to latin font (Language="Brazilian" to langtag "") on input line 7.


Package polyglossia Warning: Asking to add empty feature to latin font (Language="Brazilian" to langtag "") on input line 13.


Package polyglossia Warning: Asking to add empty feature to latin font (Language="Brazilian" to langtag "") on input line 18.

LaTeX Font Info:    Font shape `TU/FiraMono(0)/m/n' will be
(Font)              scaled to size 9.63605pt on input line 18.

Package polyglossia Warning: Asking to add empty feature to latin font (Language="Brazilian" to langtag "") on input line 18.


Package polyglossia Warning: Asking to add empty feature to latin font (Language="Brazilian" to langtag "") on input line 19.

(/usr/share/texlive/texmf-dist/tex/latex/microtype/mt-TU-empty.cfg
File: mt-TU-empty.cfg 2021/06/22 v1.1 microtype config. file: fonts with nonstandard glyph set (RS)
)

Package polyglossia Warning: Asking to add empty feature to latin font (Language="Brazilian" to langtag "") on input line 26.

[1

]

Package polyglossia Warning: Asking to add empty feature to latin font (Language="Brazilian" to langtag "") on input line 36.


Package polyglossia Warning: Asking to add empty feature to latin font (Language="Brazilian" to langtag "") on input line 39.


Package polyglossia Warning: Asking to add empty feature to latin font (Language="Brazilian" to langtag "") on input line 40.


Package polyglossia Warning: Asking to add empty feature to latin font (Language="Brazilian" to langtag "") on input line 41.


Package polyglossia Warning: Asking to add empty feature to latin font (Language="Brazilian" to langtag "") on input line 46.

[2])

Package polyglossia Warning: Asking to add empty feature to latin font (Language="Brazilian" to langtag "") on input line 15.

(./main.toc
LaTeX Info: Redefining \rmfamily on input line 2.
LaTeX Info: Redefining \sffamily on input line 2.
LaTeX Info: Redefining \ttfamily on input line 2.


Package polyglossia Warning: Asking to add empty feature to latin font (Language="Brazilian" to langtag "") on input line 2.

LaTeX Font Info:    Trying to load font information for U+msa on input line 3.
(/usr/share/texlive/texmf-dist/tex/latex/amsfonts/umsa.fd
File: umsa.fd 2013/01/14 v3.01 AMS symbols A
) (/usr/share/texlive/texmf-dist/tex/latex/microtype/mt-msa.cfg
File: mt-msa.cfg 2006/02/04 v1.1 microtype config. file: AMS symbols (a) (RS)
)
LaTeX Font Info:    Trying to load font information for U+msb on input line 3.
 (/usr/share/texlive/texmf-dist/tex/latex/amsfonts/umsb.fd
File: umsb.fd 2013/01/14 v3.01 AMS symbols B
) (/usr/share/texlive/texmf-dist/tex/latex/microtype/mt-msb.cfg
File: mt-msb.cfg 2005/06/01 v1.0 microtype config. file: AMS symbols (b) (RS)
) (/usr/share/texlive/texmf-dist/tex/latex/microtype/mt-cmr.cfg
File: mt-cmr.cfg 2013/05/19 v2.2 microtype config. file: Computer Modern Roman (RS)
)

Package polyglossia Warning: Asking to add empty feature to latin font (Language="Brazilian" to langtag "") on input line 6.


Package polyglossia Warning: Asking to add empty feature to latin font (Language="Brazilian" to langtag "") on input line 6.


Package polyglossia Warning: Asking to add empty feature to latin font (Language="Brazilian" to langtag "") on input line 7.


Package polyglossia Warning: Asking to add empty feature to latin font (Language="Brazilian" to langtag "") on input line 7.


Package polyglossia Warning: Asking to add empty feature to latin font (Language="Brazilian" to langtag "") on input line 7.


Package polyglossia Warning: Asking to add empty feature to latin font (Language="Brazilian" to langtag "") on input line 8.


Package polyglossia Warning: Asking to add empty feature to latin font (Language="Brazilian" to langtag "") on input line 8.


Package polyglossia Warning: Asking to add empty feature to latin font (Language="Brazilian" to langtag "") on input line 8.


Package polyglossia Warning: Asking to add empty feature to latin font (Language="Brazilian" to langtag "") on input line 8.


Package polyglossia Warning: Asking to add empty feature to latin font (Language="Brazilian" to langtag "") on input line 9.


Package polyglossia Warning: Asking to add empty feature to latin font (Language="Brazilian" to langtag "") on input line 9.


Package polyglossia Warning: Asking to add empty feature to latin font (Language="Brazilian" to langtag "") on input line 9.


Package polyglossia Warning: Asking to add empty feature to latin font (Language="Brazilian" to langtag "") on input line 9.


Package polyglossia Warning: Asking to add empty feature to latin font (Language="Brazilian" to langtag "") on input line 10.


Package polyglossia Warning: Asking to add empty feature to latin font (Language="Brazilian" to langtag "") on input line 10.


Package polyglossia Warning: Asking to add empty feature to latin font (Language="Brazilian" to langtag "") on input line 10.


Package polyglossia Warning: Asking to add empty feature to latin font (Language="Brazilian" to langtag "") on input line 10.


Package polyglossia Warning: Asking to add empty feature to latin font (Language="Brazilian" to langtag "") on input line 11.


Package polyglossia Warning: Asking to add empty feature to latin font (Language="Brazilian" to langtag "") on input line 11.


Package polyglossia Warning: Asking to add empty feature to latin font (Language="Brazilian" to langtag "") on input line 11.


Package polyglossia Warning: Asking to add empty feature to latin font (Language="Brazilian" to langtag "") on input line 12.


Package polyglossia Warning: Asking to add empty feature to latin font (Language="Brazilian" to langtag "") on input line 12.


Package polyglossia Warning: Asking to add empty feature to latin font (Language="Brazilian" to langtag "") on input line 13.


Package polyglossia Warning: Asking to add empty feature to latin font (Language="Brazilian" to langtag "") on input line 13.


Package polyglossia Warning: Asking to add empty feature to latin font (Language="Brazilian" to langtag "") on input line 15.


Package polyglossia Warning: Asking to add empty feature to latin font (Language="Brazilian" to langtag "") on input line 15.


Package polyglossia Warning: Asking to add empty feature to latin font (Language="Brazilian" to langtag "") on input line 16.


Package polyglossia Warning: Asking to add empty feature to latin font (Language="Brazilian" to langtag "") on input line 16.


Package polyglossia Warning: Asking to add empty feature to latin font (Language="Brazilian" to langtag "") on input line 17.


Package polyglossia Warning: Asking to add empty feature to latin font (Language="Brazilian" to langtag "") on input line 17.


Package polyglossia Warning: Asking to add empty feature to latin font (Language="Brazilian" to langtag "") on input line 18.


Package polyglossia Warning: Asking to add empty feature to latin font (Language="Brazilian" to langtag "") on input line 18.


Package polyglossia Warning: Asking to add empty feature to latin font (Language="Brazilian" to langtag "") on input line 19.


Package polyglossia Warning: Asking to add empty feature to latin font (Language="Brazilian" to langtag "") on input line 19.


Package polyglossia Warning: Asking to add empty feature to latin font (Language="Brazilian" to langtag "") on input line 20.


Package polyglossia Warning: Asking to add empty feature to latin font (Language="Brazilian" to langtag "") on input line 20.


Package polyglossia Warning: Asking to add empty feature to latin font (Language="Brazilian" to langtag "") on input line 22.


Package polyglossia Warning: Asking to add empty feature to latin font (Language="Brazilian" to langtag "") on input line 22.


Package polyglossia Warning: Asking to add empty feature to latin font (Language="Brazilian" to langtag "") on input line 23.


Package polyglossia Warning: Asking to add empty feature to latin font (Language="Brazilian" to langtag "") on input line 23.


Package polyglossia Warning: Asking to add empty feature to latin font (Language="Brazilian" to langtag "") on input line 23.


Package polyglossia Warning: Asking to add empty feature to latin font (Language="Brazilian" to langtag "") on input line 24.


Package polyglossia Warning: Asking to add empty feature to latin font (Language="Brazilian" to langtag "") on input line 24.


Package polyglossia Warning: Asking to add empty feature to latin font (Language="Brazilian" to langtag "") on input line 25.


Package polyglossia Warning: Asking to add empty feature to latin font (Language="Brazilian" to langtag "") on input line 25.


Package polyglossia Warning: Asking to add empty feature to latin font (Language="Brazilian" to langtag "") on input line 25.


Package polyglossia Warning: Asking to add empty feature to latin font (Language="Brazilian" to langtag "") on input line 26.


Package polyglossia Warning: Asking to add empty feature to latin font (Language="Brazilian" to langtag "") on input line 26.


Package polyglossia Warning: Asking to add empty feature to latin font (Language="Brazilian" to langtag "") on input line 26.


Package polyglossia Warning: Asking to add empty feature to latin font (Language="Brazilian" to langtag "") on input line 27.


Package polyglossia Warning: Asking to add empty feature to latin font (Language="Brazilian" to langtag "") on input line 27.


Package polyglossia Warning: Asking to add empty feature to latin font (Language="Brazilian" to langtag "") on input line 27.


Package polyglossia Warning: Asking to add empty feature to latin font (Language="Brazilian" to langtag "") on input line 28.


Package polyglossia Warning: Asking to add empty feature to latin font (Language="Brazilian" to langtag "") on input line 28.


Package polyglossia Warning: Asking to add empty feature to latin font (Language="Brazilian" to langtag "") on input line 28.


Package polyglossia Warning: Asking to add empty feature to latin font (Language="Brazilian" to langtag "") on input line 29.


Package polyglossia Warning: Asking to add empty feature to latin font (Language="Brazilian" to langtag "") on input line 29.


Package polyglossia Warning: Asking to add empty feature to latin font (Language="Brazilian" to langtag "") on input line 31.


Package polyglossia Warning: Asking to add empty feature to latin font (Language="Brazilian" to langtag "") on input line 31.


Package polyglossia Warning: Asking to add empty feature to latin font (Language="Brazilian" to langtag "") on input line 31.


Package polyglossia Warning: Asking to add empty feature to latin font (Language="Brazilian" to langtag "") on input line 32.


Package polyglossia Warning: Asking to add empty feature to latin font (Language="Brazilian" to langtag "") on input line 32.


Package polyglossia Warning: Asking to add empty feature to latin font (Language="Brazilian" to langtag "") on input line 32.


Package polyglossia Warning: Asking to add empty feature to latin font (Language="Brazilian" to langtag "") on input line 33.


Package polyglossia Warning: Asking to add empty feature to latin font (Language="Brazilian" to langtag "") on input line 33.


Package polyglossia Warning: Asking to add empty feature to latin font (Language="Brazilian" to langtag "") on input line 34.

[3]

Package polyglossia Warning: Asking to add empty feature to latin font (Language="Brazilian" to langtag "") on input line 34.


Package polyglossia Warning: Asking to add empty feature to latin font (Language="Brazilian" to langtag "") on input line 34.


Package polyglossia Warning: Asking to add empty feature to latin font (Language="Brazilian" to langtag "") on input line 35.


Package polyglossia Warning: Asking to add empty feature to latin font (Language="Brazilian" to langtag "") on input line 35.


Package polyglossia Warning: Asking to add empty feature to latin font (Language="Brazilian" to langtag "") on input line 36.


Package polyglossia Warning: Asking to add empty feature to latin font (Language="Brazilian" to langtag "") on input line 36.


Package polyglossia Warning: Asking to add empty feature to latin font (Language="Brazilian" to langtag "") on input line 38.


Package polyglossia Warning: Asking to add empty feature to latin font (Language="Brazilian" to langtag "") on input line 38.


Package polyglossia Warning: Asking to add empty feature to latin font (Language="Brazilian" to langtag "") on input line 38.


Package polyglossia Warning: Asking to add empty feature to latin font (Language="Brazilian" to langtag "") on input line 38.


Package polyglossia Warning: Asking to add empty feature to latin font (Language="Brazilian" to langtag "") on input line 39.


Package polyglossia Warning: Asking to add empty feature to latin font (Language="Brazilian" to langtag "") on input line 39.


Package polyglossia Warning: Asking to add empty feature to latin font (Language="Brazilian" to langtag "") on input line 40.


Package polyglossia Warning: Asking to add empty feature to latin font (Language="Brazilian" to langtag "") on input line 40.


Package polyglossia Warning: Asking to add empty feature to latin font (Language="Brazilian" to langtag "") on input line 40.


Package polyglossia Warning: Asking to add empty feature to latin font (Language="Brazilian" to langtag "") on input line 42.


Package polyglossia Warning: Asking to add empty feature to latin font (Language="Brazilian" to langtag "") on input line 42.


Package polyglossia Warning: Asking to add empty feature to latin font (Language="Brazilian" to langtag "") on input line 42.


Package polyglossia Warning: Asking to add empty feature to latin font (Language="Brazilian" to langtag "") on input line 43.


Package polyglossia Warning: Asking to add empty feature to latin font (Language="Brazilian" to langtag "") on input line 43.


Package polyglossia Warning: Asking to add empty feature to latin font (Language="Brazilian" to langtag "") on input line 43.


Package polyglossia Warning: Asking to add empty feature to latin font (Language="Brazilian" to langtag "") on input line 44.


Package polyglossia Warning: Asking to add empty feature to latin font (Language="Brazilian" to langtag "") on input line 44.


Package polyglossia Warning: Asking to add empty feature to latin font (Language="Brazilian" to langtag "") on input line 44.


Package polyglossia Warning: Asking to add empty feature to latin font (Language="Brazilian" to langtag "") on input line 45.


Package polyglossia Warning: Asking to add empty feature to latin font (Language="Brazilian" to langtag "") on input line 45.


Package polyglossia Warning: Asking to add empty feature to latin font (Language="Brazilian" to langtag "") on input line 45.


Package polyglossia Warning: Asking to add empty feature to latin font (Language="Brazilian" to langtag "") on input line 45.


Package polyglossia Warning: Asking to add empty feature to latin font (Language="Brazilian" to langtag "") on input line 47.


Package polyglossia Warning: Asking to add empty feature to latin font (Language="Brazilian" to langtag "") on input line 47.


Package polyglossia Warning: Asking to add empty feature to latin font (Language="Brazilian" to langtag "") on input line 48.


Package polyglossia Warning: Asking to add empty feature to latin font (Language="Brazilian" to langtag "") on input line 48.


Package polyglossia Warning: Asking to add empty feature to latin font (Language="Brazilian" to langtag "") on input line 49.


Package polyglossia Warning: Asking to add empty feature to latin font (Language="Brazilian" to langtag "") on input line 49.


Package polyglossia Warning: Asking to add empty feature to latin font (Language="Brazilian" to langtag "") on input line 50.


Package polyglossia Warning: Asking to add empty feature to latin font (Language="Brazilian" to langtag "") on input line 50.


Package polyglossia Warning: Asking to add empty feature to latin font (Language="Brazilian" to langtag "") on input line 51.


Package polyglossia Warning: Asking to add empty feature to latin font (Language="Brazilian" to langtag "") on input line 51.


Package polyglossia Warning: Asking to add empty feature to latin font (Language="Brazilian" to langtag "") on input line 51.


Package polyglossia Warning: Asking to add empty feature to latin font (Language="Brazilian" to langtag "") on input line 51.


Package polyglossia Warning: Asking to add empty feature to latin font (Language="Brazilian" to langtag "") on input line 53.


Package polyglossia Warning: Asking to add empty feature to latin font (Language="Brazilian" to langtag "") on input line 53.


Package polyglossia Warning: Asking to add empty feature to latin font (Language="Brazilian" to langtag "") on input line 54.


Package polyglossia Warning: Asking to add empty feature to latin font (Language="Brazilian" to langtag "") on input line 54.


Package polyglossia Warning: Asking to add empty feature to latin font (Language="Brazilian" to langtag "") on input line 55.


Package polyglossia Warning: Asking to add empty feature to latin font (Language="Brazilian" to langtag "") on input line 55.


Package polyglossia Warning: Asking to add empty feature to latin font (Language="Brazilian" to langtag "") on input line 57.


Package polyglossia Warning: Asking to add empty feature to latin font (Language="Brazilian" to langtag "") on input line 57.


Package polyglossia Warning: Asking to add empty feature to latin font (Language="Brazilian" to langtag "") on input line 58.


Package polyglossia Warning: Asking to add empty feature to latin font (Language="Brazilian" to langtag "") on input line 58.


Package polyglossia Warning: Asking to add empty feature to latin font (Language="Brazilian" to langtag "") on input line 59.


Package polyglossia Warning: Asking to add empty feature to latin font (Language="Brazilian" to langtag "") on input line 59.


Package polyglossia Warning: Asking to add empty feature to latin font (Language="Brazilian" to langtag "") on input line 60.


Package polyglossia Warning: Asking to add empty feature to latin font (Language="Brazilian" to langtag "") on input line 60.


Package polyglossia Warning: Asking to add empty feature to latin font (Language="Brazilian" to langtag "") on input line 62.


Package polyglossia Warning: Asking to add empty feature to latin font (Language="Brazilian" to langtag "") on input line 62.


Package polyglossia Warning: Asking to add empty feature to latin font (Language="Brazilian" to langtag "") on input line 62.


Package polyglossia Warning: Asking to add empty feature to latin font (Language="Brazilian" to langtag "") on input line 63.


Package polyglossia Warning: Asking to add empty feature to latin font (Language="Brazilian" to langtag "") on input line 63.


Package polyglossia Warning: Asking to add empty feature to latin font (Language="Brazilian" to langtag "") on input line 63.


Package polyglossia Warning: Asking to add empty feature to latin font (Language="Brazilian" to langtag "") on input line 64.


Package polyglossia Warning: Asking to add empty feature to latin font (Language="Brazilian" to langtag "") on input line 64.


Package polyglossia Warning: Asking to add empty feature to latin font (Language="Brazilian" to langtag "") on input line 64.


Package polyglossia Warning: Asking to add empty feature to latin font (Language="Brazilian" to langtag "") on input line 66.


Package polyglossia Warning: Asking to add empty feature to latin font (Language="Brazilian" to langtag "") on input line 66.


Package polyglossia Warning: Asking to add empty feature to latin font (Language="Brazilian" to langtag "") on input line 67.


Package polyglossia Warning: Asking to add empty feature to latin font (Language="Brazilian" to langtag "") on input line 67.


Underfull \vbox (badness 10000) has occurred while \output is active []



Package polyglossia Warning: Asking to add empty feature to latin font (Language="Brazilian" to langtag "") on input line 70.

[4]

Package polyglossia Warning: Asking to add empty feature to latin font (Language="Brazilian" to langtag "") on input line 70.


Package polyglossia Warning: Asking to add empty feature to latin font (Language="Brazilian" to langtag "") on input line 70.


Package polyglossia Warning: Asking to add empty feature to latin font (Language="Brazilian" to langtag "") on input line 71.


Package polyglossia Warning: Asking to add empty feature to latin font (Language="Brazilian" to langtag "") on input line 71.


Package polyglossia Warning: Asking to add empty feature to latin font (Language="Brazilian" to langtag "") on input line 72.


Package polyglossia Warning: Asking to add empty feature to latin font (Language="Brazilian" to langtag "") on input line 72.


Package polyglossia Warning: Asking to add empty feature to latin font (Language="Brazilian" to langtag "") on input line 74.


Package polyglossia Warning: Asking to add empty feature to latin font (Language="Brazilian" to langtag "") on input line 74.


Package polyglossia Warning: Asking to add empty feature to latin font (Language="Brazilian" to langtag "") on input line 75.


Package polyglossia Warning: Asking to add empty feature to latin font (Language="Brazilian" to langtag "") on input line 75.


Package polyglossia Warning: Asking to add empty feature to latin font (Language="Brazilian" to langtag "") on input line 76.


Package polyglossia Warning: Asking to add empty feature to latin font (Language="Brazilian" to langtag "") on input line 76.


Package polyglossia Warning: Asking to add empty feature to latin font (Language="Brazilian" to langtag "") on input line 78.


Package polyglossia Warning: Asking to add empty feature to latin font (Language="Brazilian" to langtag "") on input line 78.


Package polyglossia Warning: Asking to add empty feature to latin font (Language="Brazilian" to langtag "") on input line 79.


Package polyglossia Warning: Asking to add empty feature to latin font (Language="Brazilian" to langtag "") on input line 79.


Package polyglossia Warning: Asking to add empty feature to latin font (Language="Brazilian" to langtag "") on input line 80.


Package polyglossia Warning: Asking to add empty feature to latin font (Language="Brazilian" to langtag "") on input line 80.


Package polyglossia Warning: Asking to add empty feature to latin font (Language="Brazilian" to langtag "") on input line 81.


Package polyglossia Warning: Asking to add empty feature to latin font (Language="Brazilian" to langtag "") on input line 81.


Package polyglossia Warning: Asking to add empty feature to latin font (Language="Brazilian" to langtag "") on input line 82.


Package polyglossia Warning: Asking to add empty feature to latin font (Language="Brazilian" to langtag "") on input line 82.


Package polyglossia Warning: Asking to add empty feature to latin font (Language="Brazilian" to langtag "") on input line 82.


Package polyglossia Warning: Asking to add empty feature to latin font (Language="Brazilian" to langtag "") on input line 82.


Package polyglossia Warning: Asking to add empty feature to latin font (Language="Brazilian" to langtag "") on input line 83.


Package polyglossia Warning: Asking to add empty feature to latin font (Language="Brazilian" to langtag "") on input line 83.


Package polyglossia Warning: Asking to add empty feature to latin font (Language="Brazilian" to langtag "") on input line 85.


Package polyglossia Warning: Asking to add empty feature to latin font (Language="Brazilian" to langtag "") on input line 85.


Package polyglossia Warning: Asking to add empty feature to latin font (Language="Brazilian" to langtag "") on input line 85.


Package polyglossia Warning: Asking to add empty feature to latin font (Language="Brazilian" to langtag "") on input line 85.


Package polyglossia Warning: Asking to add empty feature to latin font (Language="Brazilian" to langtag "") on input line 86.


Package polyglossia Warning: Asking to add empty feature to latin font (Language="Brazilian" to langtag "") on input line 86.


Package polyglossia Warning: Asking to add empty feature to latin font (Language="Brazilian" to langtag "") on input line 87.


Package polyglossia Warning: Asking to add empty feature to latin font (Language="Brazilian" to langtag "") on input line 87.


Package polyglossia Warning: Asking to add empty feature to latin font (Language="Brazilian" to langtag "") on input line 88.


Package polyglossia Warning: Asking to add empty feature to latin font (Language="Brazilian" to langtag "") on input line 88.


Package polyglossia Warning: Asking to add empty feature to latin font (Language="Brazilian" to langtag "") on input line 90.


Package polyglossia Warning: Asking to add empty feature to latin font (Language="Brazilian" to langtag "") on input line 90.


Package polyglossia Warning: Asking to add empty feature to latin font (Language="Brazilian" to langtag "") on input line 91.


Package polyglossia Warning: Asking to add empty feature to latin font (Language="Brazilian" to langtag "") on input line 91.


Package polyglossia Warning: Asking to add empty feature to latin font (Language="Brazilian" to langtag "") on input line 92.


Package polyglossia Warning: Asking to add empty feature to latin font (Language="Brazilian" to langtag "") on input line 92.


Package polyglossia Warning: Asking to add empty feature to latin font (Language="Brazilian" to langtag "") on input line 94.


Package polyglossia Warning: Asking to add empty feature to latin font (Language="Brazilian" to langtag "") on input line 94.


Package polyglossia Warning: Asking to add empty feature to latin font (Language="Brazilian" to langtag "") on input line 95.


Package polyglossia Warning: Asking to add empty feature to latin font (Language="Brazilian" to langtag "") on input line 95.


Package polyglossia Warning: Asking to add empty feature to latin font (Language="Brazilian" to langtag "") on input line 95.


Package polyglossia Warning: Asking to add empty feature to latin font (Language="Brazilian" to langtag "") on input line 96.


Package polyglossia Warning: Asking to add empty feature to latin font (Language="Brazilian" to langtag "") on input line 96.


Package polyglossia Warning: Asking to add empty feature to latin font (Language="Brazilian" to langtag "") on input line 96.


Package polyglossia Warning: Asking to add empty feature to latin font (Language="Brazilian" to langtag "") on input line 97.


Package polyglossia Warning: Asking to add empty feature to latin font (Language="Brazilian" to langtag "") on input line 97.


Package polyglossia Warning: Asking to add empty feature to latin font (Language="Brazilian" to langtag "") on input line 98.


Package polyglossia Warning: Asking to add empty feature to latin font (Language="Brazilian" to langtag "") on input line 98.


Package polyglossia Warning: Asking to add empty feature to latin font (Language="Brazilian" to langtag "") on input line 99.


Package polyglossia Warning: Asking to add empty feature to latin font (Language="Brazilian" to langtag "") on input line 99.


Package polyglossia Warning: Asking to add empty feature to latin font (Language="Brazilian" to langtag "") on input line 101.


Package polyglossia Warning: Asking to add empty feature to latin font (Language="Brazilian" to langtag "") on input line 101.


Package polyglossia Warning: Asking to add empty feature to latin font (Language="Brazilian" to langtag "") on input line 102.


Package polyglossia Warning: Asking to add empty feature to latin font (Language="Brazilian" to langtag "") on input line 102.


Package polyglossia Warning: Asking to add empty feature to latin font (Language="Brazilian" to langtag "") on input line 102.


Package polyglossia Warning: Asking to add empty feature to latin font (Language="Brazilian" to langtag "") on input line 102.


Package polyglossia Warning: Asking to add empty feature to latin font (Language="Brazilian" to langtag "") on input line 103.


Package polyglossia Warning: Asking to add empty feature to latin font (Language="Brazilian" to langtag "") on input line 103.


Package polyglossia Warning: Asking to add empty feature to latin font (Language="Brazilian" to langtag "") on input line 104.


Package polyglossia Warning: Asking to add empty feature to latin font (Language="Brazilian" to langtag "") on input line 104.


Package polyglossia Warning: Asking to add empty feature to latin font (Language="Brazilian" to langtag "") on input line 106.

[5]

Package polyglossia Warning: Asking to add empty feature to latin font (Language="Brazilian" to langtag "") on input line 106.


Package polyglossia Warning: Asking to add empty feature to latin font (Language="Brazilian" to langtag "") on input line 106.


Package polyglossia Warning: Asking to add empty feature to latin font (Language="Brazilian" to langtag "") on input line 107.


Package polyglossia Warning: Asking to add empty feature to latin font (Language="Brazilian" to langtag "") on input line 107.


Package polyglossia Warning: Asking to add empty feature to latin font (Language="Brazilian" to langtag "") on input line 107.


Package polyglossia Warning: Asking to add empty feature to latin font (Language="Brazilian" to langtag "") on input line 108.


Package polyglossia Warning: Asking to add empty feature to latin font (Language="Brazilian" to langtag "") on input line 108.


Package polyglossia Warning: Asking to add empty feature to latin font (Language="Brazilian" to langtag "") on input line 108.


Package polyglossia Warning: Asking to add empty feature to latin font (Language="Brazilian" to langtag "") on input line 109.


Package polyglossia Warning: Asking to add empty feature to latin font (Language="Brazilian" to langtag "") on input line 109.


Package polyglossia Warning: Asking to add empty feature to latin font (Language="Brazilian" to langtag "") on input line 111.


Package polyglossia Warning: Asking to add empty feature to latin font (Language="Brazilian" to langtag "") on input line 111.


Package polyglossia Warning: Asking to add empty feature to latin font (Language="Brazilian" to langtag "") on input line 112.


Package polyglossia Warning: Asking to add empty feature to latin font (Language="Brazilian" to langtag "") on input line 112.


Package polyglossia Warning: Asking to add empty feature to latin font (Language="Brazilian" to langtag "") on input line 113.


Package polyglossia Warning: Asking to add empty feature to latin font (Language="Brazilian" to langtag "") on input line 113.


Package polyglossia Warning: Asking to add empty feature to latin font (Language="Brazilian" to langtag "") on input line 114.


Package polyglossia Warning: Asking to add empty feature to latin font (Language="Brazilian" to langtag "") on input line 114.


Package polyglossia Warning: Asking to add empty feature to latin font (Language="Brazilian" to langtag "") on input line 115.


Package polyglossia Warning: Asking to add empty feature to latin font (Language="Brazilian" to langtag "") on input line 115.


Package polyglossia Warning: Asking to add empty feature to latin font (Language="Brazilian" to langtag "") on input line 116.


Package polyglossia Warning: Asking to add empty feature to latin font (Language="Brazilian" to langtag "") on input line 116.


Package polyglossia Warning: Asking to add empty feature to latin font (Language="Brazilian" to langtag "") on input line 118.


Package polyglossia Warning: Asking to add empty feature to latin font (Language="Brazilian" to langtag "") on input line 118.


Package polyglossia Warning: Asking to add empty feature to latin font (Language="Brazilian" to langtag "") on input line 119.


Package polyglossia Warning: Asking to add empty feature to latin font (Language="Brazilian" to langtag "") on input line 119.


Package polyglossia Warning: Asking to add empty feature to latin font (Language="Brazilian" to langtag "") on input line 120.


Package polyglossia Warning: Asking to add empty feature to latin font (Language="Brazilian" to langtag "") on input line 120.


Package polyglossia Warning: Asking to add empty feature to latin font (Language="Brazilian" to langtag "") on input line 121.


Package polyglossia Warning: Asking to add empty feature to latin font (Language="Brazilian" to langtag "") on input line 121.


Package polyglossia Warning: Asking to add empty feature to latin font (Language="Brazilian" to langtag "") on input line 123.


Package polyglossia Warning: Asking to add empty feature to latin font (Language="Brazilian" to langtag "") on input line 123.


Package polyglossia Warning: Asking to add empty feature to latin font (Language="Brazilian" to langtag "") on input line 124.


Package polyglossia Warning: Asking to add empty feature to latin font (Language="Brazilian" to langtag "") on input line 124.


Package polyglossia Warning: Asking to add empty feature to latin font (Language="Brazilian" to langtag "") on input line 124.


Package polyglossia Warning: Asking to add empty feature to latin font (Language="Brazilian" to langtag "") on input line 125.


Package polyglossia Warning: Asking to add empty feature to latin font (Language="Brazilian" to langtag "") on input line 125.


Package polyglossia Warning: Asking to add empty feature to latin font (Language="Brazilian" to langtag "") on input line 127.


Package polyglossia Warning: Asking to add empty feature to latin font (Language="Brazilian" to langtag "") on input line 127.


Package polyglossia Warning: Asking to add empty feature to latin font (Language="Brazilian" to langtag "") on input line 128.


Package polyglossia Warning: Asking to add empty feature to latin font (Language="Brazilian" to langtag "") on input line 128.


Package polyglossia Warning: Asking to add empty feature to latin font (Language="Brazilian" to langtag "") on input line 128.


Package polyglossia Warning: Asking to add empty feature to latin font (Language="Brazilian" to langtag "") on input line 129.


Package polyglossia Warning: Asking to add empty feature to latin font (Language="Brazilian" to langtag "") on input line 129.


Package polyglossia Warning: Asking to add empty feature to latin font (Language="Brazilian" to langtag "") on input line 129.


Package polyglossia Warning: Asking to add empty feature to latin font (Language="Brazilian" to langtag "") on input line 130.


Package polyglossia Warning: Asking to add empty feature to latin font (Language="Brazilian" to langtag "") on input line 130.


Package polyglossia Warning: Asking to add empty feature to latin font (Language="Brazilian" to langtag "") on input line 131.


Package polyglossia Warning: Asking to add empty feature to latin font (Language="Brazilian" to langtag "") on input line 131.


Package polyglossia Warning: Asking to add empty feature to latin font (Language="Brazilian" to langtag "") on input line 132.


Package polyglossia Warning: Asking to add empty feature to latin font (Language="Brazilian" to langtag "") on input line 132.


Package polyglossia Warning: Asking to add empty feature to latin font (Language="Brazilian" to langtag "") on input line 133.


Package polyglossia Warning: Asking to add empty feature to latin font (Language="Brazilian" to langtag "") on input line 133.


Package polyglossia Warning: Asking to add empty feature to latin font (Language="Brazilian" to langtag "") on input line 134.


Package polyglossia Warning: Asking to add empty feature to latin font (Language="Brazilian" to langtag "") on input line 134.


Package polyglossia Warning: Asking to add empty feature to latin font (Language="Brazilian" to langtag "") on input line 137.


Package polyglossia Warning: Asking to add empty feature to latin font (Language="Brazilian" to langtag "") on input line 137.


Package polyglossia Warning: Asking to add empty feature to latin font (Language="Brazilian" to langtag "") on input line 138.


Package polyglossia Warning: Asking to add empty feature to latin font (Language="Brazilian" to langtag "") on input line 138.


Package polyglossia Warning: Asking to add empty feature to latin font (Language="Brazilian" to langtag "") on input line 138.


Package polyglossia Warning: Asking to add empty feature to latin font (Language="Brazilian" to langtag "") on input line 138.


Package polyglossia Warning: Asking to add empty feature to latin font (Language="Brazilian" to langtag "") on input line 139.


Package polyglossia Warning: Asking to add empty feature to latin font (Language="Brazilian" to langtag "") on input line 139.


Package polyglossia Warning: Asking to add empty feature to latin font (Language="Brazilian" to langtag "") on input line 139.


Package polyglossia Warning: Asking to add empty feature to latin font (Language="Brazilian" to langtag "") on input line 140.


Package polyglossia Warning: Asking to add empty feature to latin font (Language="Brazilian" to langtag "") on input line 140.


Package polyglossia Warning: Asking to add empty feature to latin font (Language="Brazilian" to langtag "") on input line 142.


Package polyglossia Warning: Asking to add empty feature to latin font (Language="Brazilian" to langtag "") on input line 142.


Package polyglossia Warning: Asking to add empty feature to latin font (Language="Brazilian" to langtag "") on input line 143.


Package polyglossia Warning: Asking to add empty feature to latin font (Language="Brazilian" to langtag "") on input line 143.


Package polyglossia Warning: Asking to add empty feature to latin font (Language="Brazilian" to langtag "") on input line 144.

[6]

Package polyglossia Warning: Asking to add empty feature to latin font (Language="Brazilian" to langtag "") on input line 144.


Package polyglossia Warning: Asking to add empty feature to latin font (Language="Brazilian" to langtag "") on input line 144.


Package polyglossia Warning: Asking to add empty feature to latin font (Language="Brazilian" to langtag "") on input line 145.


Package polyglossia Warning: Asking to add empty feature to latin font (Language="Brazilian" to langtag "") on input line 145.


Package polyglossia Warning: Asking to add empty feature to latin font (Language="Brazilian" to langtag "") on input line 146.


Package polyglossia Warning: Asking to add empty feature to latin font (Language="Brazilian" to langtag "") on input line 146.


Package polyglossia Warning: Asking to add empty feature to latin font (Language="Brazilian" to langtag "") on input line 147.


Package polyglossia Warning: Asking to add empty feature to latin font (Language="Brazilian" to langtag "") on input line 147.


Package polyglossia Warning: Asking to add empty feature to latin font (Language="Brazilian" to langtag "") on input line 148.


Package polyglossia Warning: Asking to add empty feature to latin font (Language="Brazilian" to langtag "") on input line 148.


Package polyglossia Warning: Asking to add empty feature to latin font (Language="Brazilian" to langtag "") on input line 148.


Package polyglossia Warning: Asking to add empty feature to latin font (Language="Brazilian" to langtag "") on input line 149.


Package polyglossia Warning: Asking to add empty feature to latin font (Language="Brazilian" to langtag "") on input line 149.


Package polyglossia Warning: Asking to add empty feature to latin font (Language="Brazilian" to langtag "") on input line 150.


Package polyglossia Warning: Asking to add empty feature to latin font (Language="Brazilian" to langtag "") on input line 150.


Package polyglossia Warning: Asking to add empty feature to latin font (Language="Brazilian" to langtag "") on input line 151.


Package polyglossia Warning: Asking to add empty feature to latin font (Language="Brazilian" to langtag "") on input line 151.


Package polyglossia Warning: Asking to add empty feature to latin font (Language="Brazilian" to langtag "") on input line 151.


Package polyglossia Warning: Asking to add empty feature to latin font (Language="Brazilian" to langtag "") on input line 152.


Package polyglossia Warning: Asking to add empty feature to latin font (Language="Brazilian" to langtag "") on input line 152.


Package polyglossia Warning: Asking to add empty feature to latin font (Language="Brazilian" to langtag "") on input line 152.


Package polyglossia Warning: Asking to add empty feature to latin font (Language="Brazilian" to langtag "") on input line 153.


Package polyglossia Warning: Asking to add empty feature to latin font (Language="Brazilian" to langtag "") on input line 153.


Package polyglossia Warning: Asking to add empty feature to latin font (Language="Brazilian" to langtag "") on input line 153.


Package polyglossia Warning: Asking to add empty feature to latin font (Language="Brazilian" to langtag "") on input line 154.


Package polyglossia Warning: Asking to add empty feature to latin font (Language="Brazilian" to langtag "") on input line 154.


Package polyglossia Warning: Asking to add empty feature to latin font (Language="Brazilian" to langtag "") on input line 155.


Package polyglossia Warning: Asking to add empty feature to latin font (Language="Brazilian" to langtag "") on input line 155.

)
\tf@toc=\write7
\openout7 = `main.toc'.



Package polyglossia Warning: Asking to add empty feature to latin font (Language="Brazilian" to langtag "") on input line 17.

[7]

Package polyglossia Warning: Asking to add empty feature to latin font (Language="Brazilian" to langtag "") on input line 17.

[8

]

Package polyglossia Warning: Asking to add empty feature to latin font (Language="Brazilian" to langtag "") on input line 19.


Package polyglossia Warning: Asking to add empty feature to latin font (Language="Brazilian" to langtag "") on input line 19.

[1

]

Package polyglossia Warning: Asking to add empty feature to latin font (Language="Brazilian" to langtag "") on input line 19.

[2] (./capitulos/01-primeiros-passos.tex
Capítulo 1.

Package polyglossia Warning: Asking to add empty feature to latin font (Language="Brazilian" to langtag "") on input line 1.


Package polyglossia Warning: Asking to add empty feature to latin font (Language="Brazilian" to langtag "") on input line 7.


Package polyglossia Warning: Asking to add empty feature to latin font (Language="Brazilian" to langtag "") on input line 10.

\g__tcobox_out_iow=\write8
\openout8 = `main.listing'.

LaTeX Font Info:    Font shape `TU/FiraMono(0)/b/n' will be
(Font)              scaled to size 9.63605pt on input line 29.

Package polyglossia Warning: Asking to add empty feature to latin font (Language="Brazilian" to langtag "") on input line 29.

LaTeX Font Info:    Font shape `TU/FiraMono(0)/b/n' will be
(Font)              scaled to size 8.80005pt on input line 29.
(./_minted-main/one-dark.pygstyle) (./_minted-main/84027A8B149B86175D8315A4E11E7D7ABEBDD1D0F4AA7085BEAD66C8F6783572.pygtex

Package polyglossia Warning: Asking to add empty feature to latin font (Language="Brazilian" to langtag "") on input line 1.

)

Package polyglossia Warning: Asking to add empty feature to latin font (Language="Brazilian" to langtag "") on input line 32.

[3

]

Package polyglossia Warning: Asking to add empty feature to latin font (Language="Brazilian" to langtag "") on input line 33.


Package polyglossia Warning: Asking to add empty feature to latin font (Language="Brazilian" to langtag "") on input line 35.


Package polyglossia Warning: Asking to add empty feature to latin font (Language="Brazilian" to langtag "") on input line 35.


Package polyglossia Warning: Asking to add empty feature to latin font (Language="Brazilian" to langtag "") on input line 35.


Package polyglossia Warning: Asking to add empty feature to latin font (Language="Brazilian" to langtag "") on input line 35.

\openout8 = `main.listing'.


Package polyglossia Warning: Asking to add empty feature to latin font (Language="Brazilian" to langtag "") on input line 44.

(./_minted-main/FDD92878E4EEBF64023DCE159D533D13BEBDD1D0F4AA7085BEAD66C8F6783572.pygtex

Package polyglossia Warning: Asking to add empty feature to latin font (Language="Brazilian" to langtag "") on input line 1.

)

Package polyglossia Warning: Asking to add empty feature to latin font (Language="Brazilian" to langtag "") on input line 48.

LaTeX Font Info:    Font shape `TU/FiraMono(0)/b/n' will be
(Font)              scaled to size 10.56006pt on input line 48.

Package polyglossia Warning: Asking to add empty feature to latin font (Language="Brazilian" to langtag "") on input line 48.


Package hyperref Warning: Token not allowed in a PDF string (Unicode):
(hyperref)                removing `\@ifnextchar' on input line 48.


Package polyglossia Warning: Asking to add empty feature to latin font (Language="Brazilian" to langtag "") on input line 50.


Package polyglossia Warning: Asking to add empty feature to latin font (Language="Brazilian" to langtag "") on input line 50.


Package polyglossia Warning: Asking to add empty feature to latin font (Language="Brazilian" to langtag "") on input line 50.


Package polyglossia Warning: Asking to add empty feature to latin font (Language="Brazilian" to langtag "") on input line 52.


Package polyglossia Warning: Asking to add empty feature to latin font (Language="Brazilian" to langtag "") on input line 52.


Package hyperref Warning: Token not allowed in a PDF string (Unicode):
(hyperref)                removing `\@ifnextchar' on input line 52.


Package polyglossia Warning: Asking to add empty feature to latin font (Language="Brazilian" to langtag "") on input line 54.

\openout8 = `main.listing'.


Package polyglossia Warning: Asking to add empty feature to latin font (Language="Brazilian" to langtag "") on input line 60.

(./_minted-main/1D41DDD5C5ADF70865336F32E9AE1639BEBDD1D0F4AA7085BEAD66C8F6783572.pygtex

Package polyglossia Warning: Asking to add empty feature to latin font (Language="Brazilian" to langtag "") on input line 1.

)

Package polyglossia Warning: Asking to add empty feature to latin font (Language="Brazilian" to langtag "") on input line 63.


Package polyglossia Warning: Asking to add empty feature to latin font (Language="Brazilian" to langtag "") on input line 63.


Package polyglossia Warning: Asking to add empty feature to latin font (Language="Brazilian" to langtag "") on input line 63.


Package polyglossia Warning: Asking to add empty feature to latin font (Language="Brazilian" to langtag "") on input line 64.


Package polyglossia Warning: Asking to add empty feature to latin font (Language="Brazilian" to langtag "") on input line 64.


Package polyglossia Warning: Asking to add empty feature to latin font (Language="Brazilian" to langtag "") on input line 65.

[4]

Package polyglossia Warning: Asking to add empty feature to latin font (Language="Brazilian" to langtag "") on input line 65.


Package polyglossia Warning: Asking to add empty feature to latin font (Language="Brazilian" to langtag "") on input line 65.


Package polyglossia Warning: Asking to add empty feature to latin font (Language="Brazilian" to langtag "") on input line 68.


Package polyglossia Warning: Asking to add empty feature to latin font (Language="Brazilian" to langtag "") on input line 68.


Package hyperref Warning: Token not allowed in a PDF string (Unicode):
(hyperref)                removing `\@ifnextchar' on input line 68.


Package polyglossia Warning: Asking to add empty feature to latin font (Language="Brazilian" to langtag "") on input line 70.


Package polyglossia Warning: Asking to add empty feature to latin font (Language="Brazilian" to langtag "") on input line 70.


Package polyglossia Warning: Asking to add empty feature to latin font (Language="Brazilian" to langtag "") on input line 70.


Package polyglossia Warning: Asking to add empty feature to latin font (Language="Brazilian" to langtag "") on input line 72.


Package polyglossia Warning: Asking to add empty feature to latin font (Language="Brazilian" to langtag "") on input line 74.


Package polyglossia Warning: Asking to add empty feature to latin font (Language="Brazilian" to langtag "") on input line 74.


Package polyglossia Warning: Asking to add empty feature to latin font (Language="Brazilian" to langtag "") on input line 74.


Package polyglossia Warning: Asking to add empty feature to latin font (Language="Brazilian" to langtag "") on input line 74.


Package polyglossia Warning: Asking to add empty feature to latin font (Language="Brazilian" to langtag "") on input line 76.


Package polyglossia Warning: Asking to add empty feature to latin font (Language="Brazilian" to langtag "") on input line 82.


Package polyglossia Warning: Asking to add empty feature to latin font (Language="Brazilian" to langtag "") on input line 84.


Underfull \hbox (badness 1715) in paragraph at lines 84--85
\TU/FiraSans(0)/m/n/10.95 Para transformar o arquivo []\TU/FiraMono(0)/m/n/10.95 hello_world.c[] \TU/FiraSans(0)/m/n/10.95 em um programa executável, usamos um
 []

\openout8 = `main.listing'.


Package polyglossia Warning: Asking to add empty feature to latin font (Language="Brazilian" to langtag "") on input line 88.

(./_minted-main/native.pygstyle) (./_minted-main/D112FA3C5485F9379B01C02FFAA671CF1E8B2165DB203E1CDFAC5131E1A31867.pygtex

Package polyglossia Warning: Asking to add empty feature to latin font (Language="Brazilian" to langtag "") on input line 1.

)

Package polyglossia Warning: Asking to add empty feature to latin font (Language="Brazilian" to langtag "") on input line 90.


Package polyglossia Warning: Asking to add empty feature to latin font (Language="Brazilian" to langtag "") on input line 90.

\openout8 = `main.listing'.


Package polyglossia Warning: Asking to add empty feature to latin font (Language="Brazilian" to langtag "") on input line 95.

(./_minted-main/425AC72A2473C093A1008D56E727603B1E8B2165DB203E1CDFAC5131E1A31867.pygtex

Package polyglossia Warning: Asking to add empty feature to latin font (Language="Brazilian" to langtag "") on input line 1.

)

Package polyglossia Warning: Asking to add empty feature to latin font (Language="Brazilian" to langtag "") on input line 95.

[5]

Package polyglossia Warning: Asking to add empty feature to latin font (Language="Brazilian" to langtag "") on input line 98.


Package polyglossia Warning: Asking to add empty feature to latin font (Language="Brazilian" to langtag "") on input line 98.


Package polyglossia Warning: Asking to add empty feature to latin font (Language="Brazilian" to langtag "") on input line 101.


Package polyglossia Warning: Asking to add empty feature to latin font (Language="Brazilian" to langtag "") on input line 103.


Underfull \hbox (badness 3179) in paragraph at lines 103--104
\TU/FiraSans(0)/m/n/10.95 Um microcontrolador como o ESP32 não tem teclado, tela ou sistema operacional
 []


Underfull \hbox (badness 1286) in paragraph at lines 103--104
\TU/FiraSans(0)/m/n/10.95 convencional — então não existe um terminal esperando por []\TU/FiraMono(0)/m/n/10.95 Hello, World![]\TU/FiraSans(0)/m/n/10.95 . Ainda
 []


Package polyglossia Warning: Asking to add empty feature to latin font (Language="Brazilian" to langtag "") on input line 107.


Package polyglossia Warning: Asking to add empty feature to latin font (Language="Brazilian" to langtag "") on input line 107.


Package polyglossia Warning: Asking to add empty feature to latin font (Language="Brazilian" to langtag "") on input line 111.


Package polyglossia Warning: Asking to add empty feature to latin font (Language="Brazilian" to langtag "") on input line 111.


Package polyglossia Warning: Asking to add empty feature to latin font (Language="Brazilian" to langtag "") on input line 111.


Package polyglossia Warning: Asking to add empty feature to latin font (Language="Brazilian" to langtag "") on input line 113.

) (./capitulos/02-sistemas-numericos.tex

Package polyglossia Warning: Asking to add empty feature to latin font (Language="Brazilian" to langtag "") on input line 1.

[6]
Capítulo 2.

Package polyglossia Warning: Asking to add empty feature to latin font (Language="Brazilian" to langtag "") on input line 1.


Package polyglossia Warning: Asking to add empty feature to latin font (Language="Brazilian" to langtag "") on input line 4.


Package polyglossia Warning: Asking to add empty feature to latin font (Language="Brazilian" to langtag "") on input line 6.


Package polyglossia Warning: Asking to add empty feature to latin font (Language="Brazilian" to langtag "") on input line 16.


Package polyglossia Warning: Asking to add empty feature to latin font (Language="Brazilian" to langtag "") on input line 29.


Package polyglossia Warning: Asking to add empty feature to latin font (Language="Brazilian" to langtag "") on input line 32.


Package polyglossia Warning: Asking to add empty feature to latin font (Language="Brazilian" to langtag "") on input line 37.

[7

]

Package polyglossia Warning: Asking to add empty feature to latin font (Language="Brazilian" to langtag "") on input line 38.


Package polyglossia Warning: Asking to add empty feature to latin font (Language="Brazilian" to langtag "") on input line 51.

\openout8 = `main.listing'.


Package polyglossia Warning: Asking to add empty feature to latin font (Language="Brazilian" to langtag "") on input line 61.

(./_minted-main/32506A0DB63EA41841FC9002336C999DBEBDD1D0F4AA7085BEAD66C8F6783572.pygtex

Package polyglossia Warning: Asking to add empty feature to latin font (Language="Brazilian" to langtag "") on input line 1.

)

Package polyglossia Warning: Asking to add empty feature to latin font (Language="Brazilian" to langtag "") on input line 64.


Package polyglossia Warning: Asking to add empty feature to latin font (Language="Brazilian" to langtag "") on input line 64.


Package polyglossia Warning: Asking to add empty feature to latin font (Language="Brazilian" to langtag "") on input line 68.


Package polyglossia Warning: Asking to add empty feature to latin font (Language="Brazilian" to langtag "") on input line 73.

File: imagens/mars_pathfinder.png Graphic file (type bmp)
<imagens/mars_pathfinder.png>

Package polyglossia Warning: Asking to add empty feature to latin font (Language="Brazilian" to langtag "") on input line 76.


Underfull \vbox (badness 10000) has occurred while \output is active []



Package polyglossia Warning: Asking to add empty feature to latin font (Language="Brazilian" to langtag "") on input line 78.

[8]

Package polyglossia Warning: Asking to add empty feature to latin font (Language="Brazilian" to langtag "") on input line 81.


Package polyglossia Warning: Asking to add empty feature to latin font (Language="Brazilian" to langtag "") on input line 81.


Package polyglossia Warning: Asking to add empty feature to latin font (Language="Brazilian" to langtag "") on input line 81.


Package polyglossia Warning: Asking to add empty feature to latin font (Language="Brazilian" to langtag "") on input line 83.

File: imagens/mark_watney.png Graphic file (type bmp)
<imagens/mark_watney.png>

Package polyglossia Warning: Asking to add empty feature to latin font (Language="Brazilian" to langtag "") on input line 86.


Underfull \vbox (badness 10000) has occurred while \output is active []



Package polyglossia Warning: Asking to add empty feature to latin font (Language="Brazilian" to langtag "") on input line 88.

[9]

Package polyglossia Warning: Asking to add empty feature to latin font (Language="Brazilian" to langtag "") on input line 91.


Underfull \hbox (badness 1412) in paragraph at lines 93--94
\TU/FiraSans(0)/m/n/10.95 o sistema operacional gerencia sua alocação de forma praticamente transparente ao
 []


Package polyglossia Warning: Asking to add empty feature to latin font (Language="Brazilian" to langtag "") on input line 98.


Underfull \hbox (badness 1028) in paragraph at lines 98--99
[]\TU/FiraSans(0)/b/n/10.95 Flash \TU/FiraSans(0)/m/n/10.95 — memória não volátil (mantém os dados sem energia), onde o firmware
 []


Package polyglossia Warning: Asking to add empty feature to latin font (Language="Brazilian" to langtag "") on input line 99.


Package polyglossia Warning: Asking to add empty feature to latin font (Language="Brazilian" to langtag "") on input line 102.


Package polyglossia Warning: Asking to add empty feature to latin font (Language="Brazilian" to langtag "") on input line 104.


Package polyglossia Warning: Asking to add empty feature to latin font (Language="Brazilian" to langtag "") on input line 107.


Package polyglossia Warning: Asking to add empty feature to latin font (Language="Brazilian" to langtag "") on input line 107.

\openout8 = `main.listing'.


Package polyglossia Warning: Asking to add empty feature to latin font (Language="Brazilian" to langtag "") on input line 119.

(./_minted-main/8D9E14CA979D69E1CF0ADCEE1633E9BABEBDD1D0F4AA7085BEAD66C8F6783572.pygtex

Package polyglossia Warning: Asking to add empty feature to latin font (Language="Brazilian" to langtag "") on input line 1.

)

Package polyglossia Warning: Asking to add empty feature to latin font (Language="Brazilian" to langtag "") on input line 119.

[10]

Package polyglossia Warning: Asking to add empty feature to latin font (Language="Brazilian" to langtag "") on input line 121.


Package polyglossia Warning: Asking to add empty feature to latin font (Language="Brazilian" to langtag "") on input line 121.


Package polyglossia Warning: Asking to add empty feature to latin font (Language="Brazilian" to langtag "") on input line 121.


Package polyglossia Warning: Asking to add empty feature to latin font (Language="Brazilian" to langtag "") on input line 121.


Package polyglossia Warning: Asking to add empty feature to latin font (Language="Brazilian" to langtag "") on input line 121.


Package polyglossia Warning: Asking to add empty feature to latin font (Language="Brazilian" to langtag "") on input line 123.

\openout8 = `main.listing'.


Package polyglossia Warning: Asking to add empty feature to latin font (Language="Brazilian" to langtag "") on input line 149.

(./_minted-main/7CA55AB550FC26FCC61D7776E750AA9CBEBDD1D0F4AA7085BEAD66C8F6783572.pygtex

Package polyglossia Warning: Asking to add empty feature to latin font (Language="Brazilian" to langtag "") on input line 1.

)

Package polyglossia Warning: Asking to add empty feature to latin font (Language="Brazilian" to langtag "") on input line 151.


Package polyglossia Warning: Asking to add empty feature to latin font (Language="Brazilian" to langtag "") on input line 151.


Package polyglossia Warning: Asking to add empty feature to latin font (Language="Brazilian" to langtag "") on input line 151.


Underfull \vbox (badness 10000) has occurred while \output is active []



Package polyglossia Warning: Asking to add empty feature to latin font (Language="Brazilian" to langtag "") on input line 152.

[11]

Package polyglossia Warning: Asking to add empty feature to latin font (Language="Brazilian" to langtag "") on input line 153.


Package polyglossia Warning: Asking to add empty feature to latin font (Language="Brazilian" to langtag "") on input line 159.


Package polyglossia Warning: Asking to add empty feature to latin font (Language="Brazilian" to langtag "") on input line 159.


Package polyglossia Warning: Asking to add empty feature to latin font (Language="Brazilian" to langtag "") on input line 161.


Package polyglossia Warning: Asking to add empty feature to latin font (Language="Brazilian" to langtag "") on input line 162.


Package polyglossia Warning: Asking to add empty feature to latin font (Language="Brazilian" to langtag "") on input line 165.

\openout8 = `main.listing'.


Package polyglossia Warning: Asking to add empty feature to latin font (Language="Brazilian" to langtag "") on input line 172.

(./_minted-main/7DD7F34EA84069352D8D2E86D99F9D9B1E8B2165DB203E1CDFAC5131E1A31867.pygtex

Package polyglossia Warning: Asking to add empty feature to latin font (Language="Brazilian" to langtag "") on input line 1.


LaTeX Font Warning: Font shape `TU/FiraMono(0)/m/it' undefined
(Font)              using `TU/FiraMono(0)/m/n' instead on input line 2.

LaTeX Font Info:    Font shape `TU/FiraMono(0)/m/it' will be
(Font)              scaled to size 8.80005pt on input line 2.
)

Package polyglossia Warning: Asking to add empty feature to latin font (Language="Brazilian" to langtag "") on input line 178.

\openout8 = `main.listing'.


Package polyglossia Warning: Asking to add empty feature to latin font (Language="Brazilian" to langtag "") on input line 195.

(./_minted-main/0953CEBD37E2698B56ADB0EB25E265FEBEBDD1D0F4AA7085BEAD66C8F6783572.pygtex

Package polyglossia Warning: Asking to add empty feature to latin font (Language="Brazilian" to langtag "") on input line 1.

)

Package polyglossia Warning: Asking to add empty feature to latin font (Language="Brazilian" to langtag "") on input line 195.

[12]

Package polyglossia Warning: Asking to add empty feature to latin font (Language="Brazilian" to langtag "") on input line 197.


Package polyglossia Warning: Asking to add empty feature to latin font (Language="Brazilian" to langtag "") on input line 197.


Package polyglossia Warning: Asking to add empty feature to latin font (Language="Brazilian" to langtag "") on input line 197.


Package polyglossia Warning: Asking to add empty feature to latin font (Language="Brazilian" to langtag "") on input line 197.


Package polyglossia Warning: Asking to add empty feature to latin font (Language="Brazilian" to langtag "") on input line 200.

) (./capitulos/03-tipos-variaveis-operadores.tex

Package polyglossia Warning: Asking to add empty feature to latin font (Language="Brazilian" to langtag "") on input line 1.

[13]

Package polyglossia Warning: Asking to add empty feature to latin font (Language="Brazilian" to langtag "") on input line 1.

[14

]
Capítulo 3.

Package polyglossia Warning: Asking to add empty feature to latin font (Language="Brazilian" to langtag "") on input line 1.


Package polyglossia Warning: Asking to add empty feature to latin font (Language="Brazilian" to langtag "") on input line 6.


Package polyglossia Warning: Asking to add empty feature to latin font (Language="Brazilian" to langtag "") on input line 8.


Package polyglossia Warning: Asking to add empty feature to latin font (Language="Brazilian" to langtag "") on input line 14.


Package polyglossia Warning: Asking to add empty feature to latin font (Language="Brazilian" to langtag "") on input line 15.


Package polyglossia Warning: Asking to add empty feature to latin font (Language="Brazilian" to langtag "") on input line 16.


Package polyglossia Warning: Asking to add empty feature to latin font (Language="Brazilian" to langtag "") on input line 17.


Package polyglossia Warning: Asking to add empty feature to latin font (Language="Brazilian" to langtag "") on input line 18.


Package polyglossia Warning: Asking to add empty feature to latin font (Language="Brazilian" to langtag "") on input line 21.


Package polyglossia Warning: Asking to add empty feature to latin font (Language="Brazilian" to langtag "") on input line 21.


Package polyglossia Warning: Asking to add empty feature to latin font (Language="Brazilian" to langtag "") on input line 21.


Package polyglossia Warning: Asking to add empty feature to latin font (Language="Brazilian" to langtag "") on input line 21.


Package polyglossia Warning: Asking to add empty feature to latin font (Language="Brazilian" to langtag "") on input line 21.


Package polyglossia Warning: Asking to add empty feature to latin font (Language="Brazilian" to langtag "") on input line 21.


Package polyglossia Warning: Asking to add empty feature to latin font (Language="Brazilian" to langtag "") on input line 21.


Package polyglossia Warning: Asking to add empty feature to latin font (Language="Brazilian" to langtag "") on input line 24.


Package polyglossia Warning: Asking to add empty feature to latin font (Language="Brazilian" to langtag "") on input line 24.


Package polyglossia Warning: Asking to add empty feature to latin font (Language="Brazilian" to langtag "") on input line 24.

\openout8 = `main.listing'.


Package polyglossia Warning: Asking to add empty feature to latin font (Language="Brazilian" to langtag "") on input line 33.

(./_minted-main/8481E52BA49D226DEC3F2CB9868F0515BEBDD1D0F4AA7085BEAD66C8F6783572.pygtex

Package polyglossia Warning: Asking to add empty feature to latin font (Language="Brazilian" to langtag "") on input line 1.

)

Package polyglossia Warning: Asking to add empty feature to latin font (Language="Brazilian" to langtag "") on input line 35.


Package polyglossia Warning: Asking to add empty feature to latin font (Language="Brazilian" to langtag "") on input line 35.


Package polyglossia Warning: Asking to add empty feature to latin font (Language="Brazilian" to langtag "") on input line 35.

\openout8 = `main.listing'.


Package polyglossia Warning: Asking to add empty feature to latin font (Language="Brazilian" to langtag "") on input line 46.

(./_minted-main/8ACCC79307F6152BEC30511699A0C48ABEBDD1D0F4AA7085BEAD66C8F6783572.pygtex

Package polyglossia Warning: Asking to add empty feature to latin font (Language="Brazilian" to langtag "") on input line 1.

)

Package polyglossia Warning: Asking to add empty feature to latin font (Language="Brazilian" to langtag "") on input line 46.

[15]

Package polyglossia Warning: Asking to add empty feature to latin font (Language="Brazilian" to langtag "") on input line 48.


Package polyglossia Warning: Asking to add empty feature to latin font (Language="Brazilian" to langtag "") on input line 51.


Package polyglossia Warning: Asking to add empty feature to latin font (Language="Brazilian" to langtag "") on input line 51.


Underfull \hbox (badness 1454) in paragraph at lines 51--52
[]\TU/FiraSans(0)/m/n/10.95 A linguagem C \TU/FiraSans(0)/b/n/10.95 garante apenas tamanhos mínimos \TU/FiraSans(0)/m/n/10.95 para os tipos primitivos, não
 []


Package polyglossia Warning: Asking to add empty feature to latin font (Language="Brazilian" to langtag "") on input line 54.

LaTeX Font Info:    Font shape `TU/FiraMono(0)/b/n' will be
(Font)              scaled to size 12.67206pt on input line 54.

Package polyglossia Warning: Asking to add empty feature to latin font (Language="Brazilian" to langtag "") on input line 54.


Package hyperref Warning: Token not allowed in a PDF string (Unicode):
(hyperref)                removing `\@ifnextchar' on input line 54.


Package polyglossia Warning: Asking to add empty feature to latin font (Language="Brazilian" to langtag "") on input line 56.


Package polyglossia Warning: Asking to add empty feature to latin font (Language="Brazilian" to langtag "") on input line 58.


Package polyglossia Warning: Asking to add empty feature to latin font (Language="Brazilian" to langtag "") on input line 64.


Package polyglossia Warning: Asking to add empty feature to latin font (Language="Brazilian" to langtag "") on input line 64.


Package polyglossia Warning: Asking to add empty feature to latin font (Language="Brazilian" to langtag "") on input line 65.


Package polyglossia Warning: Asking to add empty feature to latin font (Language="Brazilian" to langtag "") on input line 65.


Package polyglossia Warning: Asking to add empty feature to latin font (Language="Brazilian" to langtag "") on input line 66.


Package polyglossia Warning: Asking to add empty feature to latin font (Language="Brazilian" to langtag "") on input line 66.


Package polyglossia Warning: Asking to add empty feature to latin font (Language="Brazilian" to langtag "") on input line 67.


Package polyglossia Warning: Asking to add empty feature to latin font (Language="Brazilian" to langtag "") on input line 67.


Package polyglossia Warning: Asking to add empty feature to latin font (Language="Brazilian" to langtag "") on input line 70.


Package polyglossia Warning: Asking to add empty feature to latin font (Language="Brazilian" to langtag "") on input line 70.


Package polyglossia Warning: Asking to add empty feature to latin font (Language="Brazilian" to langtag "") on input line 70.


Package polyglossia Warning: Asking to add empty feature to latin font (Language="Brazilian" to langtag "") on input line 74.


Package polyglossia Warning: Asking to add empty feature to latin font (Language="Brazilian" to langtag "") on input line 74.


Package polyglossia Warning: Asking to add empty feature to latin font (Language="Brazilian" to langtag "") on input line 74.


Package polyglossia Warning: Asking to add empty feature to latin font (Language="Brazilian" to langtag "") on input line 74.


Package polyglossia Warning: Asking to add empty feature to latin font (Language="Brazilian" to langtag "") on input line 74.


Package polyglossia Warning: Asking to add empty feature to latin font (Language="Brazilian" to langtag "") on input line 74.


Package polyglossia Warning: Asking to add empty feature to latin font (Language="Brazilian" to langtag "") on input line 77.


Package polyglossia Warning: Asking to add empty feature to latin font (Language="Brazilian" to langtag "") on input line 79.


Package polyglossia Warning: Asking to add empty feature to latin font (Language="Brazilian" to langtag "") on input line 81.


Package polyglossia Warning: Asking to add empty feature to latin font (Language="Brazilian" to langtag "") on input line 87.


Package polyglossia Warning: Asking to add empty feature to latin font (Language="Brazilian" to langtag "") on input line 87.


Package polyglossia Warning: Asking to add empty feature to latin font (Language="Brazilian" to langtag "") on input line 88.


Package polyglossia Warning: Asking to add empty feature to latin font (Language="Brazilian" to langtag "") on input line 88.


Package polyglossia Warning: Asking to add empty feature to latin font (Language="Brazilian" to langtag "") on input line 89.


Package polyglossia Warning: Asking to add empty feature to latin font (Language="Brazilian" to langtag "") on input line 89.


Package polyglossia Warning: Asking to add empty feature to latin font (Language="Brazilian" to langtag "") on input line 90.


Package polyglossia Warning: Asking to add empty feature to latin font (Language="Brazilian" to langtag "") on input line 90.


Package polyglossia Warning: Asking to add empty feature to latin font (Language="Brazilian" to langtag "") on input line 91.


Package polyglossia Warning: Asking to add empty feature to latin font (Language="Brazilian" to langtag "") on input line 91.


Package polyglossia Warning: Asking to add empty feature to latin font (Language="Brazilian" to langtag "") on input line 94.


Package polyglossia Warning: Asking to add empty feature to latin font (Language="Brazilian" to langtag "") on input line 95.

[16]

Package polyglossia Warning: Asking to add empty feature to latin font (Language="Brazilian" to langtag "") on input line 98.


Package polyglossia Warning: Asking to add empty feature to latin font (Language="Brazilian" to langtag "") on input line 98.


Package polyglossia Warning: Asking to add empty feature to latin font (Language="Brazilian" to langtag "") on input line 98.


Package polyglossia Warning: Asking to add empty feature to latin font (Language="Brazilian" to langtag "") on input line 98.


Package polyglossia Warning: Asking to add empty feature to latin font (Language="Brazilian" to langtag "") on input line 98.


Package polyglossia Warning: Asking to add empty feature to latin font (Language="Brazilian" to langtag "") on input line 101.


Package polyglossia Warning: Asking to add empty feature to latin font (Language="Brazilian" to langtag "") on input line 103.


Package polyglossia Warning: Asking to add empty feature to latin font (Language="Brazilian" to langtag "") on input line 109.


Package polyglossia Warning: Asking to add empty feature to latin font (Language="Brazilian" to langtag "") on input line 109.


Package polyglossia Warning: Asking to add empty feature to latin font (Language="Brazilian" to langtag "") on input line 110.


Package polyglossia Warning: Asking to add empty feature to latin font (Language="Brazilian" to langtag "") on input line 110.


Package polyglossia Warning: Asking to add empty feature to latin font (Language="Brazilian" to langtag "") on input line 111.


Package polyglossia Warning: Asking to add empty feature to latin font (Language="Brazilian" to langtag "") on input line 111.


Package polyglossia Warning: Asking to add empty feature to latin font (Language="Brazilian" to langtag "") on input line 111.


Package polyglossia Warning: Asking to add empty feature to latin font (Language="Brazilian" to langtag "") on input line 112.


Package polyglossia Warning: Asking to add empty feature to latin font (Language="Brazilian" to langtag "") on input line 112.


Package polyglossia Warning: Asking to add empty feature to latin font (Language="Brazilian" to langtag "") on input line 115.


Package polyglossia Warning: Asking to add empty feature to latin font (Language="Brazilian" to langtag "") on input line 119.


Package polyglossia Warning: Asking to add empty feature to latin font (Language="Brazilian" to langtag "") on input line 119.


Package polyglossia Warning: Asking to add empty feature to latin font (Language="Brazilian" to langtag "") on input line 119.


Package polyglossia Warning: Asking to add empty feature to latin font (Language="Brazilian" to langtag "") on input line 119.


Package polyglossia Warning: Asking to add empty feature to latin font (Language="Brazilian" to langtag "") on input line 122.


Package polyglossia Warning: Asking to add empty feature to latin font (Language="Brazilian" to langtag "") on input line 126.


Package polyglossia Warning: Asking to add empty feature to latin font (Language="Brazilian" to langtag "") on input line 132.


Package polyglossia Warning: Asking to add empty feature to latin font (Language="Brazilian" to langtag "") on input line 132.


Package polyglossia Warning: Asking to add empty feature to latin font (Language="Brazilian" to langtag "") on input line 133.


Package polyglossia Warning: Asking to add empty feature to latin font (Language="Brazilian" to langtag "") on input line 133.


Package polyglossia Warning: Asking to add empty feature to latin font (Language="Brazilian" to langtag "") on input line 134.


Package polyglossia Warning: Asking to add empty feature to latin font (Language="Brazilian" to langtag "") on input line 134.


Package polyglossia Warning: Asking to add empty feature to latin font (Language="Brazilian" to langtag "") on input line 135.


Package polyglossia Warning: Asking to add empty feature to latin font (Language="Brazilian" to langtag "") on input line 135.


Package polyglossia Warning: Asking to add empty feature to latin font (Language="Brazilian" to langtag "") on input line 136.


Package polyglossia Warning: Asking to add empty feature to latin font (Language="Brazilian" to langtag "") on input line 136.


Package polyglossia Warning: Asking to add empty feature to latin font (Language="Brazilian" to langtag "") on input line 137.


Package polyglossia Warning: Asking to add empty feature to latin font (Language="Brazilian" to langtag "") on input line 137.


Package polyglossia Warning: Asking to add empty feature to latin font (Language="Brazilian" to langtag "") on input line 140.


LaTeX Warning: `h' float specifier changed to `ht'.


Package polyglossia Warning: Asking to add empty feature to latin font (Language="Brazilian" to langtag "") on input line 144.

\openout4 = `main.pyg'.

(./_minted-main/A5D4372EE1C34C0B5ADEFD84A1DBB9A78EF27FAE920C65D7B903E741E9673588.pygtex
Underfull \hbox (badness 1596) in paragraph at lines 144--1
[]\TU/FiraSans(0)/m/n/10.95 Operadores bit a bit são a ferramenta padrão para manipular \TU/FiraSans(0)/b/n/10.95 registradores \TU/FiraSans(0)/m/n/10.95 de
 []


Underfull \hbox (badness 1122) in paragraph at lines 144--1
\TU/FiraSans(0)/m/n/10.95 periféricos e criar \TU/FiraSans(0)/b/n/10.95 máscaras de bits \TU/FiraSans(0)/m/n/10.95 — muito usadas para representar, de forma
 []


Package polyglossia Warning: Asking to add empty feature to latin font (Language="Brazilian" to langtag "") on input line 1.

)

Package polyglossia Warning: Asking to add empty feature to latin font (Language="Brazilian" to langtag "") on input line 155.


Package polyglossia Warning: Asking to add empty feature to latin font (Language="Brazilian" to langtag "") on input line 155.


Package polyglossia Warning: Asking to add empty feature to latin font (Language="Brazilian" to langtag "") on input line 155.


Package polyglossia Warning: Asking to add empty feature to latin font (Language="Brazilian" to langtag "") on input line 155.


Package polyglossia Warning: Asking to add empty feature to latin font (Language="Brazilian" to langtag "") on input line 156.

[17]

Package polyglossia Warning: Asking to add empty feature to latin font (Language="Brazilian" to langtag "") on input line 158.

\openout8 = `main.listing'.


Package polyglossia Warning: Asking to add empty feature to latin font (Language="Brazilian" to langtag "") on input line 170.

(./_minted-main/8A175DA4E1F36035673D08CAD5C21A18BEBDD1D0F4AA7085BEAD66C8F6783572.pygtex

Package polyglossia Warning: Asking to add empty feature to latin font (Language="Brazilian" to langtag "") on input line 1.

)

Package polyglossia Warning: Asking to add empty feature to latin font (Language="Brazilian" to langtag "") on input line 173.


Package polyglossia Warning: Asking to add empty feature to latin font (Language="Brazilian" to langtag "") on input line 173.


Package polyglossia Warning: Asking to add empty feature to latin font (Language="Brazilian" to langtag "") on input line 173.


Package polyglossia Warning: Asking to add empty feature to latin font (Language="Brazilian" to langtag "") on input line 173.


Package polyglossia Warning: Asking to add empty feature to latin font (Language="Brazilian" to langtag "") on input line 173.


Package polyglossia Warning: Asking to add empty feature to latin font (Language="Brazilian" to langtag "") on input line 173.


Package polyglossia Warning: Asking to add empty feature to latin font (Language="Brazilian" to langtag "") on input line 174.

[18]

Package polyglossia Warning: Asking to add empty feature to latin font (Language="Brazilian" to langtag "") on input line 176.


Package polyglossia Warning: Asking to add empty feature to latin font (Language="Brazilian" to langtag "") on input line 178.


Package polyglossia Warning: Asking to add empty feature to latin font (Language="Brazilian" to langtag "") on input line 178.


Package polyglossia Warning: Asking to add empty feature to latin font (Language="Brazilian" to langtag "") on input line 178.

\openout8 = `main.listing'.


Package polyglossia Warning: Asking to add empty feature to latin font (Language="Brazilian" to langtag "") on input line 196.

(./_minted-main/EE1BF2F3A898F9BA5315BFB117312DF2BEBDD1D0F4AA7085BEAD66C8F6783572.pygtex

Package polyglossia Warning: Asking to add empty feature to latin font (Language="Brazilian" to langtag "") on input line 1.

LaTeX Font Info:    Font shape `TU/FiraMono(0)/m/n' will be
(Font)              scaled to size 7.92004pt on input line 7.
LaTeX Font Info:    Font shape `TU/FiraMono(0)/m/n' will be
(Font)              scaled to size 5.28003pt on input line 7.
)

Package polyglossia Warning: Asking to add empty feature to latin font (Language="Brazilian" to langtag "") on input line 199.


Package polyglossia Warning: Asking to add empty feature to latin font (Language="Brazilian" to langtag "") on input line 199.


Package polyglossia Warning: Asking to add empty feature to latin font (Language="Brazilian" to langtag "") on input line 199.


Package polyglossia Warning: Asking to add empty feature to latin font (Language="Brazilian" to langtag "") on input line 199.


Package polyglossia Warning: Asking to add empty feature to latin font (Language="Brazilian" to langtag "") on input line 199.


Package polyglossia Warning: Asking to add empty feature to latin font (Language="Brazilian" to langtag "") on input line 199.


Package polyglossia Warning: Asking to add empty feature to latin font (Language="Brazilian" to langtag "") on input line 199.


Package polyglossia Warning: Asking to add empty feature to latin font (Language="Brazilian" to langtag "") on input line 199.


Package polyglossia Warning: Asking to add empty feature to latin font (Language="Brazilian" to langtag "") on input line 199.


Package polyglossia Warning: Asking to add empty feature to latin font (Language="Brazilian" to langtag "") on input line 203.


Package polyglossia Warning: Asking to add empty feature to latin font (Language="Brazilian" to langtag "") on input line 203.


Package polyglossia Warning: Asking to add empty feature to latin font (Language="Brazilian" to langtag "") on input line 203.


Package polyglossia Warning: Asking to add empty feature to latin font (Language="Brazilian" to langtag "") on input line 204.


Package fancyhdr Warning: \headheight is too small (12.0pt): 
(fancyhdr)                Make it at least 12.05003pt, for example:
(fancyhdr)                \setlength{\headheight}{12.05003pt}.
(fancyhdr)                You might also make \topmargin smaller to compensate:
(fancyhdr)                \addtolength{\topmargin}{-0.05003pt}.

[19]) (./capitulos/04-entrada-saida.tex

Package polyglossia Warning: Asking to add empty feature to latin font (Language="Brazilian" to langtag "") on input line 1.

[20]
Capítulo 4.

Package polyglossia Warning: Asking to add empty feature to latin font (Language="Brazilian" to langtag "") on input line 1.


Package polyglossia Warning: Asking to add empty feature to latin font (Language="Brazilian" to langtag "") on input line 4.


Package polyglossia Warning: Asking to add empty feature to latin font (Language="Brazilian" to langtag "") on input line 6.


Package polyglossia Warning: Asking to add empty feature to latin font (Language="Brazilian" to langtag "") on input line 6.


Package hyperref Warning: Token not allowed in a PDF string (Unicode):
(hyperref)                removing `\@ifnextchar' on input line 6.


Package polyglossia Warning: Asking to add empty feature to latin font (Language="Brazilian" to langtag "") on input line 8.

\openout8 = `main.listing'.


Package polyglossia Warning: Asking to add empty feature to latin font (Language="Brazilian" to langtag "") on input line 25.

(./_minted-main/BDBF0E7FEF5B3C7BC0F8EF0F1ADC946EBEBDD1D0F4AA7085BEAD66C8F6783572.pygtex

Package polyglossia Warning: Asking to add empty feature to latin font (Language="Brazilian" to langtag "") on input line 1.

)

Package polyglossia Warning: Asking to add empty feature to latin font (Language="Brazilian" to langtag "") on input line 27.


Package polyglossia Warning: Asking to add empty feature to latin font (Language="Brazilian" to langtag "") on input line 33.


Package polyglossia Warning: Asking to add empty feature to latin font (Language="Brazilian" to langtag "") on input line 33.


Package polyglossia Warning: Asking to add empty feature to latin font (Language="Brazilian" to langtag "") on input line 33.


Package polyglossia Warning: Asking to add empty feature to latin font (Language="Brazilian" to langtag "") on input line 34.


Package polyglossia Warning: Asking to add empty feature to latin font (Language="Brazilian" to langtag "") on input line 34.


Package polyglossia Warning: Asking to add empty feature to latin font (Language="Brazilian" to langtag "") on input line 35.


Package polyglossia Warning: Asking to add empty feature to latin font (Language="Brazilian" to langtag "") on input line 35.


Package polyglossia Warning: Asking to add empty feature to latin font (Language="Brazilian" to langtag "") on input line 35.


Package polyglossia Warning: Asking to add empty feature to latin font (Language="Brazilian" to langtag "") on input line 36.


Package polyglossia Warning: Asking to add empty feature to latin font (Language="Brazilian" to langtag "") on input line 36.


Package polyglossia Warning: Asking to add empty feature to latin font (Language="Brazilian" to langtag "") on input line 37.


Package polyglossia Warning: Asking to add empty feature to latin font (Language="Brazilian" to langtag "") on input line 37.


Package polyglossia Warning: Asking to add empty feature to latin font (Language="Brazilian" to langtag "") on input line 38.


Package polyglossia Warning: Asking to add empty feature to latin font (Language="Brazilian" to langtag "") on input line 38.


Package polyglossia Warning: Asking to add empty feature to latin font (Language="Brazilian" to langtag "") on input line 39.


Package polyglossia Warning: Asking to add empty feature to latin font (Language="Brazilian" to langtag "") on input line 40.


Package polyglossia Warning: Asking to add empty feature to latin font (Language="Brazilian" to langtag "") on input line 41.


Package polyglossia Warning: Asking to add empty feature to latin font (Language="Brazilian" to langtag "") on input line 41.


Package polyglossia Warning: Asking to add empty feature to latin font (Language="Brazilian" to langtag "") on input line 44.


Package polyglossia Warning: Asking to add empty feature to latin font (Language="Brazilian" to langtag "") on input line 44.


Package polyglossia Warning: Asking to add empty feature to latin font (Language="Brazilian" to langtag "") on input line 44.


Package polyglossia Warning: Asking to add empty feature to latin font (Language="Brazilian" to langtag "") on input line 44.


Package polyglossia Warning: Asking to add empty feature to latin font (Language="Brazilian" to langtag "") on input line 44.


Package polyglossia Warning: Asking to add empty feature to latin font (Language="Brazilian" to langtag "") on input line 47.


Package polyglossia Warning: Asking to add empty feature to latin font (Language="Brazilian" to langtag "") on input line 47.


Package polyglossia Warning: Asking to add empty feature to latin font (Language="Brazilian" to langtag "") on input line 48.

[21

]

Package polyglossia Warning: Asking to add empty feature to latin font (Language="Brazilian" to langtag "") on input line 49.


Package polyglossia Warning: Asking to add empty feature to latin font (Language="Brazilian" to langtag "") on input line 49.


Package hyperref Warning: Token not allowed in a PDF string (Unicode):
(hyperref)                removing `\@ifnextchar' on input line 49.


Package polyglossia Warning: Asking to add empty feature to latin font (Language="Brazilian" to langtag "") on input line 51.


Package polyglossia Warning: Asking to add empty feature to latin font (Language="Brazilian" to langtag "") on input line 51.


Package polyglossia Warning: Asking to add empty feature to latin font (Language="Brazilian" to langtag "") on input line 51.

\openout8 = `main.listing'.


Package polyglossia Warning: Asking to add empty feature to latin font (Language="Brazilian" to langtag "") on input line 65.

(./_minted-main/A45C3F287052AF109CD489309A2A8AD3BEBDD1D0F4AA7085BEAD66C8F6783572.pygtex

Package polyglossia Warning: Asking to add empty feature to latin font (Language="Brazilian" to langtag "") on input line 1.

)

Package polyglossia Warning: Asking to add empty feature to latin font (Language="Brazilian" to langtag "") on input line 68.


Package polyglossia Warning: Asking to add empty feature to latin font (Language="Brazilian" to langtag "") on input line 68.


Package polyglossia Warning: Asking to add empty feature to latin font (Language="Brazilian" to langtag "") on input line 68.


Package polyglossia Warning: Asking to add empty feature to latin font (Language="Brazilian" to langtag "") on input line 72.


Package polyglossia Warning: Asking to add empty feature to latin font (Language="Brazilian" to langtag "") on input line 72.


Package polyglossia Warning: Asking to add empty feature to latin font (Language="Brazilian" to langtag "") on input line 72.


Underfull \hbox (badness 1275) in paragraph at lines 72--73
[][]\TU/FiraMono(0)/m/n/10.95 scanf[] \TU/FiraSans(0)/m/n/10.95 é útil para aprender, mas tem limitações importantes de segurança e de
 []


Package polyglossia Warning: Asking to add empty feature to latin font (Language="Brazilian" to langtag "") on input line 75.


Package polyglossia Warning: Asking to add empty feature to latin font (Language="Brazilian" to langtag "") on input line 77.


Package polyglossia Warning: Asking to add empty feature to latin font (Language="Brazilian" to langtag "") on input line 77.


Package polyglossia Warning: Asking to add empty feature to latin font (Language="Brazilian" to langtag "") on input line 77.

\openout8 = `main.listing'.


Package polyglossia Warning: Asking to add empty feature to latin font (Language="Brazilian" to langtag "") on input line 91.

(./_minted-main/63F550D246EDD6583883A43DF2315CDBBEBDD1D0F4AA7085BEAD66C8F6783572.pygtex

Package polyglossia Warning: Asking to add empty feature to latin font (Language="Brazilian" to langtag "") on input line 1.

)

Package polyglossia Warning: Asking to add empty feature to latin font (Language="Brazilian" to langtag "") on input line 91.

[22]

Package polyglossia Warning: Asking to add empty feature to latin font (Language="Brazilian" to langtag "") on input line 93.


Package polyglossia Warning: Asking to add empty feature to latin font (Language="Brazilian" to langtag "") on input line 97.


Package polyglossia Warning: Asking to add empty feature to latin font (Language="Brazilian" to langtag "") on input line 103.


Package polyglossia Warning: Asking to add empty feature to latin font (Language="Brazilian" to langtag "") on input line 104.


Package polyglossia Warning: Asking to add empty feature to latin font (Language="Brazilian" to langtag "") on input line 105.


Package polyglossia Warning: Asking to add empty feature to latin font (Language="Brazilian" to langtag "") on input line 106.


Package polyglossia Warning: Asking to add empty feature to latin font (Language="Brazilian" to langtag "") on input line 107.


Package polyglossia Warning: Asking to add empty feature to latin font (Language="Brazilian" to langtag "") on input line 108.


Package polyglossia Warning: Asking to add empty feature to latin font (Language="Brazilian" to langtag "") on input line 111.


Package polyglossia Warning: Asking to add empty feature to latin font (Language="Brazilian" to langtag "") on input line 114.


Package polyglossia Warning: Asking to add empty feature to latin font (Language="Brazilian" to langtag "") on input line 116.


Package polyglossia Warning: Asking to add empty feature to latin font (Language="Brazilian" to langtag "") on input line 116.

\openout8 = `main.listing'.


Package polyglossia Warning: Asking to add empty feature to latin font (Language="Brazilian" to langtag "") on input line 133.

(./_minted-main/C294C924C7331EC30AF50B918A860A79BEBDD1D0F4AA7085BEAD66C8F6783572.pygtex

Package polyglossia Warning: Asking to add empty feature to latin font (Language="Brazilian" to langtag "") on input line 1.

)

Package polyglossia Warning: Asking to add empty feature to latin font (Language="Brazilian" to langtag "") on input line 133.

[23]

Package polyglossia Warning: Asking to add empty feature to latin font (Language="Brazilian" to langtag "") on input line 135.


Package polyglossia Warning: Asking to add empty feature to latin font (Language="Brazilian" to langtag "") on input line 135.


Package polyglossia Warning: Asking to add empty feature to latin font (Language="Brazilian" to langtag "") on input line 135.


Package polyglossia Warning: Asking to add empty feature to latin font (Language="Brazilian" to langtag "") on input line 135.


Package polyglossia Warning: Asking to add empty feature to latin font (Language="Brazilian" to langtag "") on input line 135.


Package polyglossia Warning: Asking to add empty feature to latin font (Language="Brazilian" to langtag "") on input line 137.

\openout8 = `main.listing'.


Package polyglossia Warning: Asking to add empty feature to latin font (Language="Brazilian" to langtag "") on input line 156.

(./_minted-main/5E54AA643C087C134902BAC1061C77FABEBDD1D0F4AA7085BEAD66C8F6783572.pygtex

Package polyglossia Warning: Asking to add empty feature to latin font (Language="Brazilian" to langtag "") on input line 1.

)

Package polyglossia Warning: Asking to add empty feature to latin font (Language="Brazilian" to langtag "") on input line 159.


Package polyglossia Warning: Asking to add empty feature to latin font (Language="Brazilian" to langtag "") on input line 159.


Package polyglossia Warning: Asking to add empty feature to latin font (Language="Brazilian" to langtag "") on input line 159.


Underfull \hbox (badness 3724) in paragraph at lines 159--160
\TU/FiraSans(0)/m/n/10.95 de depuração (que normalmente serão removidas ou desativadas depois) das
 []


Package polyglossia Warning: Asking to add empty feature to latin font (Language="Brazilian" to langtag "") on input line 162.


Package polyglossia Warning: Asking to add empty feature to latin font (Language="Brazilian" to langtag "") on input line 162.


Package polyglossia Warning: Asking to add empty feature to latin font (Language="Brazilian" to langtag "") on input line 162.


Package polyglossia Warning: Asking to add empty feature to latin font (Language="Brazilian" to langtag "") on input line 162.


Package polyglossia Warning: Asking to add empty feature to latin font (Language="Brazilian" to langtag "") on input line 162.


Package polyglossia Warning: Asking to add empty feature to latin font (Language="Brazilian" to langtag "") on input line 162.


Package polyglossia Warning: Asking to add empty feature to latin font (Language="Brazilian" to langtag "") on input line 162.


Package polyglossia Warning: Asking to add empty feature to latin font (Language="Brazilian" to langtag "") on input line 162.


Underfull \hbox (badness 1057) in paragraph at lines 162--163
\TU/FiraSans(0)/m/n/10.95 Arduino, a saída não passa pelo []\TU/FiraMono(0)/m/n/10.95 printf[] \TU/FiraSans(0)/m/n/10.95 da biblioteca padrão diretamente: usa-se o
 []


Underfull \hbox (badness 2564) in paragraph at lines 162--163
\TU/FiraSans(0)/m/n/10.95 objeto []\TU/FiraMono(0)/m/n/10.95 Serial[]\TU/FiraSans(0)/m/n/10.95 , inicializado uma única vez em []\TU/FiraMono(0)/m/n/10.95 setup()[] \TU/FiraSans(0)/m/n/10.95 com []\TU/FiraMono(0)/m/n/10.95 Serial.begin(115200);[]\TU/FiraSans(0)/m/n/10.95 .
 []


Underfull \hbox (badness 3128) in paragraph at lines 162--163
\TU/FiraSans(0)/m/n/10.95 A partir daí, utiliza-se []\TU/FiraMono(0)/m/n/10.95 Serial.println("mensagem")[] \TU/FiraSans(0)/m/n/10.95 que exibe uma linha de texto,
 []


Underfull \hbox (badness 5893) in paragraph at lines 162--163
\TU/FiraSans(0)/m/n/10.95 e []\TU/FiraMono(0)/m/n/10.95 Serial.printf("valor: %d\n", x)[] \TU/FiraSans(0)/m/n/10.95 aceita exatamente os \TU/FiraSans(0)/b/n/10.95 mesmos especificadores
 []


Underfull \hbox (badness 1147) in paragraph at lines 162--163
\TU/FiraSans(0)/b/n/10.95 de formato \TU/FiraSans(0)/m/n/10.95 de []\TU/FiraMono(0)/m/n/10.95 printf[] \TU/FiraSans(0)/m/n/10.95 apresentados neste capítulo — o conhecimento é diretamente
 []


Package polyglossia Warning: Asking to add empty feature to latin font (Language="Brazilian" to langtag "") on input line 163.

[24]

Package polyglossia Warning: Asking to add empty feature to latin font (Language="Brazilian" to langtag "") on input line 164.


Package polyglossia Warning: Asking to add empty feature to latin font (Language="Brazilian" to langtag "") on input line 166.

) (./capitulos/05-decisao.tex
Underfull \hbox (badness 2173) in paragraph at lines 166--1
\TU/FiraSans(0)/m/n/10.95 memória flash (usando bibliotecas como LittleFS, também disponíveis no framework
 []


Package polyglossia Warning: Asking to add empty feature to latin font (Language="Brazilian" to langtag "") on input line 1.

[25]

Package polyglossia Warning: Asking to add empty feature to latin font (Language="Brazilian" to langtag "") on input line 1.

[26

]
Capítulo 5.

Package polyglossia Warning: Asking to add empty feature to latin font (Language="Brazilian" to langtag "") on input line 1.


Package polyglossia Warning: Asking to add empty feature to latin font (Language="Brazilian" to langtag "") on input line 6.


Package polyglossia Warning: Asking to add empty feature to latin font (Language="Brazilian" to langtag "") on input line 6.


Package polyglossia Warning: Asking to add empty feature to latin font (Language="Brazilian" to langtag "") on input line 6.


Package hyperref Warning: Token not allowed in a PDF string (Unicode):
(hyperref)                removing `\@ifnextchar' on input line 6.


Package hyperref Warning: Token not allowed in a PDF string (Unicode):
(hyperref)                removing `\@ifnextchar' on input line 6.

\openout8 = `main.listing'.


Package polyglossia Warning: Asking to add empty feature to latin font (Language="Brazilian" to langtag "") on input line 24.

(./_minted-main/8592D4F725742812A907A3DA9958F8FCBEBDD1D0F4AA7085BEAD66C8F6783572.pygtex

Package polyglossia Warning: Asking to add empty feature to latin font (Language="Brazilian" to langtag "") on input line 1.

)

Package polyglossia Warning: Asking to add empty feature to latin font (Language="Brazilian" to langtag "") on input line 26.


Package polyglossia Warning: Asking to add empty feature to latin font (Language="Brazilian" to langtag "") on input line 26.


Package polyglossia Warning: Asking to add empty feature to latin font (Language="Brazilian" to langtag "") on input line 26.


Package polyglossia Warning: Asking to add empty feature to latin font (Language="Brazilian" to langtag "") on input line 29.


Package polyglossia Warning: Asking to add empty feature to latin font (Language="Brazilian" to langtag "") on input line 32.

\openout8 = `main.listing'.


Package polyglossia Warning: Asking to add empty feature to latin font (Language="Brazilian" to langtag "") on input line 41.

(./_minted-main/064DF3888C094A93B1540E3D3952B84BBEBDD1D0F4AA7085BEAD66C8F6783572.pygtex

Package polyglossia Warning: Asking to add empty feature to latin font (Language="Brazilian" to langtag "") on input line 1.

)
Underfull \vbox (badness 1442) has occurred while \output is active []



Package polyglossia Warning: Asking to add empty feature to latin font (Language="Brazilian" to langtag "") on input line 41.

[27]

Package polyglossia Warning: Asking to add empty feature to latin font (Language="Brazilian" to langtag "") on input line 43.


Package polyglossia Warning: Asking to add empty feature to latin font (Language="Brazilian" to langtag "") on input line 43.


Package hyperref Warning: Token not allowed in a PDF string (Unicode):
(hyperref)                removing `\@ifnextchar' on input line 43.


Package polyglossia Warning: Asking to add empty feature to latin font (Language="Brazilian" to langtag "") on input line 45.


Package polyglossia Warning: Asking to add empty feature to latin font (Language="Brazilian" to langtag "") on input line 45.

\openout8 = `main.listing'.


Package polyglossia Warning: Asking to add empty feature to latin font (Language="Brazilian" to langtag "") on input line 69.

(./_minted-main/A6C35BF7D3FF1C8A16FA8305C2F6FFF5BEBDD1D0F4AA7085BEAD66C8F6783572.pygtex

Package polyglossia Warning: Asking to add empty feature to latin font (Language="Brazilian" to langtag "") on input line 1.

)

Package polyglossia Warning: Asking to add empty feature to latin font (Language="Brazilian" to langtag "") on input line 72.


Package polyglossia Warning: Asking to add empty feature to latin font (Language="Brazilian" to langtag "") on input line 72.


Package polyglossia Warning: Asking to add empty feature to latin font (Language="Brazilian" to langtag "") on input line 72.


Package polyglossia Warning: Asking to add empty feature to latin font (Language="Brazilian" to langtag "") on input line 72.


Package polyglossia Warning: Asking to add empty feature to latin font (Language="Brazilian" to langtag "") on input line 72.


Package polyglossia Warning: Asking to add empty feature to latin font (Language="Brazilian" to langtag "") on input line 76.


Package polyglossia Warning: Asking to add empty feature to latin font (Language="Brazilian" to langtag "") on input line 76.


Package polyglossia Warning: Asking to add empty feature to latin font (Language="Brazilian" to langtag "") on input line 76.


Package polyglossia Warning: Asking to add empty feature to latin font (Language="Brazilian" to langtag "") on input line 77.

[28]) (./capitulos/06-repeticao-desvios.tex

Package polyglossia Warning: Asking to add empty feature to latin font (Language="Brazilian" to langtag "") on input line 1.


Package polyglossia Warning: Asking to add empty feature to latin font (Language="Brazilian" to langtag "") on input line 1.

[29]

Package polyglossia Warning: Asking to add empty feature to latin font (Language="Brazilian" to langtag "") on input line 1.

[30

]
Capítulo 6.

Package polyglossia Warning: Asking to add empty feature to latin font (Language="Brazilian" to langtag "") on input line 1.


Package polyglossia Warning: Asking to add empty feature to latin font (Language="Brazilian" to langtag "") on input line 4.


Package polyglossia Warning: Asking to add empty feature to latin font (Language="Brazilian" to langtag "") on input line 4.


Package polyglossia Warning: Asking to add empty feature to latin font (Language="Brazilian" to langtag "") on input line 4.


Package polyglossia Warning: Asking to add empty feature to latin font (Language="Brazilian" to langtag "") on input line 6.


Package polyglossia Warning: Asking to add empty feature to latin font (Language="Brazilian" to langtag "") on input line 6.


Package hyperref Warning: Token not allowed in a PDF string (Unicode):
(hyperref)                removing `\@ifnextchar' on input line 6.


Package polyglossia Warning: Asking to add empty feature to latin font (Language="Brazilian" to langtag "") on input line 8.

\openout8 = `main.listing'.


Package polyglossia Warning: Asking to add empty feature to latin font (Language="Brazilian" to langtag "") on input line 19.

(./_minted-main/E75847198A13EBAD8FC9F4D952A71739BEBDD1D0F4AA7085BEAD66C8F6783572.pygtex

Package polyglossia Warning: Asking to add empty feature to latin font (Language="Brazilian" to langtag "") on input line 1.

)

Package polyglossia Warning: Asking to add empty feature to latin font (Language="Brazilian" to langtag "") on input line 21.


Underfull \hbox (badness 4353) in paragraph at lines 21--22
[]\TU/FiraSans(0)/m/n/10.95 A estrutura []\TU/FiraMono(0)/m/n/10.95 for (inicialização; condição; incremento)[] \TU/FiraSans(0)/m/n/10.95 tem três partes, todas
 []


Package polyglossia Warning: Asking to add empty feature to latin font (Language="Brazilian" to langtag "") on input line 24.


Package polyglossia Warning: Asking to add empty feature to latin font (Language="Brazilian" to langtag "") on input line 25.


Package polyglossia Warning: Asking to add empty feature to latin font (Language="Brazilian" to langtag "") on input line 26.


Underfull \hbox (badness 1472) in paragraph at lines 26--27
[]\TU/FiraSans(0)/b/n/10.95 Incremento \TU/FiraSans(0)/m/n/10.95 — executado ao final de cada iteração, antes de testar a condição
 []


Package polyglossia Warning: Asking to add empty feature to latin font (Language="Brazilian" to langtag "") on input line 29.


Package polyglossia Warning: Asking to add empty feature to latin font (Language="Brazilian" to langtag "") on input line 29.


Package hyperref Warning: Token not allowed in a PDF string (Unicode):
(hyperref)                removing `\@ifnextchar' on input line 29.


Package polyglossia Warning: Asking to add empty feature to latin font (Language="Brazilian" to langtag "") on input line 31.

\openout8 = `main.listing'.


Package polyglossia Warning: Asking to add empty feature to latin font (Language="Brazilian" to langtag "") on input line 47.

(./_minted-main/B8757C961D36A34CB3B57F3617A83385BEBDD1D0F4AA7085BEAD66C8F6783572.pygtex

Package polyglossia Warning: Asking to add empty feature to latin font (Language="Brazilian" to langtag "") on input line 1.

)
Underfull \vbox (badness 1418) has occurred while \output is active []



Package polyglossia Warning: Asking to add empty feature to latin font (Language="Brazilian" to langtag "") on input line 47.

[31]

Package polyglossia Warning: Asking to add empty feature to latin font (Language="Brazilian" to langtag "") on input line 49.


Package polyglossia Warning: Asking to add empty feature to latin font (Language="Brazilian" to langtag "") on input line 49.


Package hyperref Warning: Token not allowed in a PDF string (Unicode):
(hyperref)                removing `\@ifnextchar' on input line 49.


Package polyglossia Warning: Asking to add empty feature to latin font (Language="Brazilian" to langtag "") on input line 51.


Package polyglossia Warning: Asking to add empty feature to latin font (Language="Brazilian" to langtag "") on input line 51.

\openout8 = `main.listing'.


Package polyglossia Warning: Asking to add empty feature to latin font (Language="Brazilian" to langtag "") on input line 73.

(./_minted-main/F33321B35D26C552129AE6E277FD5FF8BEBDD1D0F4AA7085BEAD66C8F6783572.pygtex

Package polyglossia Warning: Asking to add empty feature to latin font (Language="Brazilian" to langtag "") on input line 1.

)

Package polyglossia Warning: Asking to add empty feature to latin font (Language="Brazilian" to langtag "") on input line 76.


Package polyglossia Warning: Asking to add empty feature to latin font (Language="Brazilian" to langtag "") on input line 76.


Package polyglossia Warning: Asking to add empty feature to latin font (Language="Brazilian" to langtag "") on input line 77.

[32]

Package polyglossia Warning: Asking to add empty feature to latin font (Language="Brazilian" to langtag "") on input line 79.


Package polyglossia Warning: Asking to add empty feature to latin font (Language="Brazilian" to langtag "") on input line 79.


Package polyglossia Warning: Asking to add empty feature to latin font (Language="Brazilian" to langtag "") on input line 79.


Package hyperref Warning: Token not allowed in a PDF string (Unicode):
(hyperref)                removing `\@ifnextchar' on input line 79.


Package hyperref Warning: Token not allowed in a PDF string (Unicode):
(hyperref)                removing `\@ifnextchar' on input line 79.


Package polyglossia Warning: Asking to add empty feature to latin font (Language="Brazilian" to langtag "") on input line 84.


Package polyglossia Warning: Asking to add empty feature to latin font (Language="Brazilian" to langtag "") on input line 84.


Package polyglossia Warning: Asking to add empty feature to latin font (Language="Brazilian" to langtag "") on input line 85.


Package polyglossia Warning: Asking to add empty feature to latin font (Language="Brazilian" to langtag "") on input line 85.

\openout8 = `main.listing'.


Package polyglossia Warning: Asking to add empty feature to latin font (Language="Brazilian" to langtag "") on input line 106.

(./_minted-main/35C6C6E6442E5E8B6454EA98880F97EBBEBDD1D0F4AA7085BEAD66C8F6783572.pygtex

Package polyglossia Warning: Asking to add empty feature to latin font (Language="Brazilian" to langtag "") on input line 1.

)) (./capitulos/07-funcoes.tex

Package polyglossia Warning: Asking to add empty feature to latin font (Language="Brazilian" to langtag "") on input line 1.


Package polyglossia Warning: Asking to add empty feature to latin font (Language="Brazilian" to langtag "") on input line 1.


Package polyglossia Warning: Asking to add empty feature to latin font (Language="Brazilian" to langtag "") on input line 1.

[33]

Package polyglossia Warning: Asking to add empty feature to latin font (Language="Brazilian" to langtag "") on input line 1.

[34

]
Capítulo 7.

Package polyglossia Warning: Asking to add empty feature to latin font (Language="Brazilian" to langtag "") on input line 1.


Package polyglossia Warning: Asking to add empty feature to latin font (Language="Brazilian" to langtag "") on input line 4.


Package polyglossia Warning: Asking to add empty feature to latin font (Language="Brazilian" to langtag "") on input line 4.


Package polyglossia Warning: Asking to add empty feature to latin font (Language="Brazilian" to langtag "") on input line 4.


Package polyglossia Warning: Asking to add empty feature to latin font (Language="Brazilian" to langtag "") on input line 6.

\openout8 = `main.listing'.


Package polyglossia Warning: Asking to add empty feature to latin font (Language="Brazilian" to langtag "") on input line 21.

(./_minted-main/686F406A3CD099BD2B70765A779BFFF8BEBDD1D0F4AA7085BEAD66C8F6783572.pygtex

Package polyglossia Warning: Asking to add empty feature to latin font (Language="Brazilian" to langtag "") on input line 1.

)

Package polyglossia Warning: Asking to add empty feature to latin font (Language="Brazilian" to langtag "") on input line 26.


Package polyglossia Warning: Asking to add empty feature to latin font (Language="Brazilian" to langtag "") on input line 26.


Package polyglossia Warning: Asking to add empty feature to latin font (Language="Brazilian" to langtag "") on input line 26.


Package polyglossia Warning: Asking to add empty feature to latin font (Language="Brazilian" to langtag "") on input line 26.


Package polyglossia Warning: Asking to add empty feature to latin font (Language="Brazilian" to langtag "") on input line 27.


Package polyglossia Warning: Asking to add empty feature to latin font (Language="Brazilian" to langtag "") on input line 27.


Package polyglossia Warning: Asking to add empty feature to latin font (Language="Brazilian" to langtag "") on input line 28.


Package polyglossia Warning: Asking to add empty feature to latin font (Language="Brazilian" to langtag "") on input line 28.


Package polyglossia Warning: Asking to add empty feature to latin font (Language="Brazilian" to langtag "") on input line 29.


Package polyglossia Warning: Asking to add empty feature to latin font (Language="Brazilian" to langtag "") on input line 32.

\openout8 = `main.listing'.


Package polyglossia Warning: Asking to add empty feature to latin font (Language="Brazilian" to langtag "") on input line 49.

(./_minted-main/4ADF6612EF1829C7B90E41F674D9911BBEBDD1D0F4AA7085BEAD66C8F6783572.pygtex

Package polyglossia Warning: Asking to add empty feature to latin font (Language="Brazilian" to langtag "") on input line 1.

)

Package polyglossia Warning: Asking to add empty feature to latin font (Language="Brazilian" to langtag "") on input line 49.

[35]

Package polyglossia Warning: Asking to add empty feature to latin font (Language="Brazilian" to langtag "") on input line 53.

\openout8 = `main.listing'.


Package polyglossia Warning: Asking to add empty feature to latin font (Language="Brazilian" to langtag "") on input line 70.

(./_minted-main/064B29F68897F7A86E169ECB65581FC1BEBDD1D0F4AA7085BEAD66C8F6783572.pygtex

Package polyglossia Warning: Asking to add empty feature to latin font (Language="Brazilian" to langtag "") on input line 1.

)

Package polyglossia Warning: Asking to add empty feature to latin font (Language="Brazilian" to langtag "") on input line 73.


Package polyglossia Warning: Asking to add empty feature to latin font (Language="Brazilian" to langtag "") on input line 73.


Package polyglossia Warning: Asking to add empty feature to latin font (Language="Brazilian" to langtag "") on input line 76.


Package polyglossia Warning: Asking to add empty feature to latin font (Language="Brazilian" to langtag "") on input line 78.


Package polyglossia Warning: Asking to add empty feature to latin font (Language="Brazilian" to langtag "") on input line 79.

[36]
\openout8 = `main.listing'.



Package polyglossia Warning: Asking to add empty feature to latin font (Language="Brazilian" to langtag "") on input line 97.

(./_minted-main/59D1EA02A03BBD52ADDACB5DD1D2B43BBEBDD1D0F4AA7085BEAD66C8F6783572.pygtex

Package polyglossia Warning: Asking to add empty feature to latin font (Language="Brazilian" to langtag "") on input line 1.

)

Package polyglossia Warning: Asking to add empty feature to latin font (Language="Brazilian" to langtag "") on input line 100.


Package polyglossia Warning: Asking to add empty feature to latin font (Language="Brazilian" to langtag "") on input line 103.


Package polyglossia Warning: Asking to add empty feature to latin font (Language="Brazilian" to langtag "") on input line 103.


Package hyperref Warning: Token not allowed in a PDF string (Unicode):
(hyperref)                removing `\@ifnextchar' on input line 103.


Package polyglossia Warning: Asking to add empty feature to latin font (Language="Brazilian" to langtag "") on input line 105.

\openout8 = `main.listing'.


Package polyglossia Warning: Asking to add empty feature to latin font (Language="Brazilian" to langtag "") on input line 122.

(./_minted-main/6A45AFF27F3CB3C6797294B9B22D9827BEBDD1D0F4AA7085BEAD66C8F6783572.pygtex

Package polyglossia Warning: Asking to add empty feature to latin font (Language="Brazilian" to langtag "") on input line 1.

)

Package polyglossia Warning: Asking to add empty feature to latin font (Language="Brazilian" to langtag "") on input line 122.

[37]

Package polyglossia Warning: Asking to add empty feature to latin font (Language="Brazilian" to langtag "") on input line 127.

) (./capitulos/08-arranjos.tex

Package polyglossia Warning: Asking to add empty feature to latin font (Language="Brazilian" to langtag "") on input line 1.

[38]
Capítulo 8.

Package polyglossia Warning: Asking to add empty feature to latin font (Language="Brazilian" to langtag "") on input line 1.


Package polyglossia Warning: Asking to add empty feature to latin font (Language="Brazilian" to langtag "") on input line 6.

\openout8 = `main.listing'.


Package polyglossia Warning: Asking to add empty feature to latin font (Language="Brazilian" to langtag "") on input line 20.

(./_minted-main/5EDED5089507EEE2E9C2EFADE3144D34BEBDD1D0F4AA7085BEAD66C8F6783572.pygtex

Package polyglossia Warning: Asking to add empty feature to latin font (Language="Brazilian" to langtag "") on input line 1.

)

Package polyglossia Warning: Asking to add empty feature to latin font (Language="Brazilian" to langtag "") on input line 25.


Package polyglossia Warning: Asking to add empty feature to latin font (Language="Brazilian" to langtag "") on input line 25.


Package polyglossia Warning: Asking to add empty feature to latin font (Language="Brazilian" to langtag "") on input line 25.


Package polyglossia Warning: Asking to add empty feature to latin font (Language="Brazilian" to langtag "") on input line 25.


Package polyglossia Warning: Asking to add empty feature to latin font (Language="Brazilian" to langtag "") on input line 26.


Package polyglossia Warning: Asking to add empty feature to latin font (Language="Brazilian" to langtag "") on input line 27.


Package polyglossia Warning: Asking to add empty feature to latin font (Language="Brazilian" to langtag "") on input line 27.


Package polyglossia Warning: Asking to add empty feature to latin font (Language="Brazilian" to langtag "") on input line 34.


Package polyglossia Warning: Asking to add empty feature to latin font (Language="Brazilian" to langtag "") on input line 34.

[39

]

Package polyglossia Warning: Asking to add empty feature to latin font (Language="Brazilian" to langtag "") on input line 36.


Package polyglossia Warning: Asking to add empty feature to latin font (Language="Brazilian" to langtag "") on input line 36.

\openout8 = `main.listing'.


Package polyglossia Warning: Asking to add empty feature to latin font (Language="Brazilian" to langtag "") on input line 49.

(./_minted-main/B4CBAB31CE60C5B5D5A1F199DA5B48C2BEBDD1D0F4AA7085BEAD66C8F6783572.pygtex

Package polyglossia Warning: Asking to add empty feature to latin font (Language="Brazilian" to langtag "") on input line 1.

)

Package polyglossia Warning: Asking to add empty feature to latin font (Language="Brazilian" to langtag "") on input line 51.

\openout8 = `main.listing'.


Package polyglossia Warning: Asking to add empty feature to latin font (Language="Brazilian" to langtag "") on input line 71.

(./_minted-main/711CF1023EA84F42CB0CC16ACB662818BEBDD1D0F4AA7085BEAD66C8F6783572.pygtex

Package polyglossia Warning: Asking to add empty feature to latin font (Language="Brazilian" to langtag "") on input line 1.

)

Package polyglossia Warning: Asking to add empty feature to latin font (Language="Brazilian" to langtag "") on input line 75.

[40]) (./capitulos/09-ponteiros-memoria.tex

Package polyglossia Warning: Asking to add empty feature to latin font (Language="Brazilian" to langtag "") on input line 1.

[41]

Package polyglossia Warning: Asking to add empty feature to latin font (Language="Brazilian" to langtag "") on input line 1.

[42

]
Capítulo 9.

Package polyglossia Warning: Asking to add empty feature to latin font (Language="Brazilian" to langtag "") on input line 1.


Package polyglossia Warning: Asking to add empty feature to latin font (Language="Brazilian" to langtag "") on input line 6.

\openout8 = `main.listing'.


Package polyglossia Warning: Asking to add empty feature to latin font (Language="Brazilian" to langtag "") on input line 24.

(./_minted-main/C3A0713F76594863DE3EB5E3160287C7BEBDD1D0F4AA7085BEAD66C8F6783572.pygtex

Package polyglossia Warning: Asking to add empty feature to latin font (Language="Brazilian" to langtag "") on input line 1.

)

Package polyglossia Warning: Asking to add empty feature to latin font (Language="Brazilian" to langtag "") on input line 29.


Package polyglossia Warning: Asking to add empty feature to latin font (Language="Brazilian" to langtag "") on input line 29.


Package polyglossia Warning: Asking to add empty feature to latin font (Language="Brazilian" to langtag "") on input line 29.


Package polyglossia Warning: Asking to add empty feature to latin font (Language="Brazilian" to langtag "") on input line 30.


Package polyglossia Warning: Asking to add empty feature to latin font (Language="Brazilian" to langtag "") on input line 30.


Package polyglossia Warning: Asking to add empty feature to latin font (Language="Brazilian" to langtag "") on input line 30.


Package polyglossia Warning: Asking to add empty feature to latin font (Language="Brazilian" to langtag "") on input line 34.


Package polyglossia Warning: Asking to add empty feature to latin font (Language="Brazilian" to langtag "") on input line 34.


Package polyglossia Warning: Asking to add empty feature to latin font (Language="Brazilian" to langtag "") on input line 34.


Package polyglossia Warning: Asking to add empty feature to latin font (Language="Brazilian" to langtag "") on input line 37.


Package polyglossia Warning: Asking to add empty feature to latin font (Language="Brazilian" to langtag "") on input line 40.

[43]
\openout8 = `main.listing'.



Package polyglossia Warning: Asking to add empty feature to latin font (Language="Brazilian" to langtag "") on input line 54.

(./_minted-main/75A66FBEFB87234223F3B578B77C9EA4BEBDD1D0F4AA7085BEAD66C8F6783572.pygtex

Package polyglossia Warning: Asking to add empty feature to latin font (Language="Brazilian" to langtag "") on input line 1.

)

Package polyglossia Warning: Asking to add empty feature to latin font (Language="Brazilian" to langtag "") on input line 57.


Package polyglossia Warning: Asking to add empty feature to latin font (Language="Brazilian" to langtag "") on input line 57.


Package polyglossia Warning: Asking to add empty feature to latin font (Language="Brazilian" to langtag "") on input line 57.


Package polyglossia Warning: Asking to add empty feature to latin font (Language="Brazilian" to langtag "") on input line 60.

\openout8 = `main.listing'.


Package polyglossia Warning: Asking to add empty feature to latin font (Language="Brazilian" to langtag "") on input line 77.

(./_minted-main/F9CF85D3B00317BDC18653067DEE672EBEBDD1D0F4AA7085BEAD66C8F6783572.pygtex

Package polyglossia Warning: Asking to add empty feature to latin font (Language="Brazilian" to langtag "") on input line 1.

)

Package polyglossia Warning: Asking to add empty feature to latin font (Language="Brazilian" to langtag "") on input line 79.


Package polyglossia Warning: Asking to add empty feature to latin font (Language="Brazilian" to langtag "") on input line 79.


Package polyglossia Warning: Asking to add empty feature to latin font (Language="Brazilian" to langtag "") on input line 79.


Package polyglossia Warning: Asking to add empty feature to latin font (Language="Brazilian" to langtag "") on input line 80.

[44]

Package polyglossia Warning: Asking to add empty feature to latin font (Language="Brazilian" to langtag "") on input line 81.


Package polyglossia Warning: Asking to add empty feature to latin font (Language="Brazilian" to langtag "") on input line 83.


Package polyglossia Warning: Asking to add empty feature to latin font (Language="Brazilian" to langtag "") on input line 85.


Package polyglossia Warning: Asking to add empty feature to latin font (Language="Brazilian" to langtag "") on input line 91.


Package polyglossia Warning: Asking to add empty feature to latin font (Language="Brazilian" to langtag "") on input line 91.


Package polyglossia Warning: Asking to add empty feature to latin font (Language="Brazilian" to langtag "") on input line 92.


Package polyglossia Warning: Asking to add empty feature to latin font (Language="Brazilian" to langtag "") on input line 92.


Package polyglossia Warning: Asking to add empty feature to latin font (Language="Brazilian" to langtag "") on input line 92.


Package polyglossia Warning: Asking to add empty feature to latin font (Language="Brazilian" to langtag "") on input line 93.


Package polyglossia Warning: Asking to add empty feature to latin font (Language="Brazilian" to langtag "") on input line 94.


Package polyglossia Warning: Asking to add empty feature to latin font (Language="Brazilian" to langtag "") on input line 94.


Package polyglossia Warning: Asking to add empty feature to latin font (Language="Brazilian" to langtag "") on input line 97.


Package polyglossia Warning: Asking to add empty feature to latin font (Language="Brazilian" to langtag "") on input line 97.


Package polyglossia Warning: Asking to add empty feature to latin font (Language="Brazilian" to langtag "") on input line 97.

\openout8 = `main.listing'.


Package polyglossia Warning: Asking to add empty feature to latin font (Language="Brazilian" to langtag "") on input line 124.

(./_minted-main/1A7FF6E706DB9A3D0685657F290A52E7BEBDD1D0F4AA7085BEAD66C8F6783572.pygtex

Package polyglossia Warning: Asking to add empty feature to latin font (Language="Brazilian" to langtag "") on input line 1.

)

Package polyglossia Warning: Asking to add empty feature to latin font (Language="Brazilian" to langtag "") on input line 127.


Package polyglossia Warning: Asking to add empty feature to latin font (Language="Brazilian" to langtag "") on input line 127.


Package polyglossia Warning: Asking to add empty feature to latin font (Language="Brazilian" to langtag "") on input line 127.


Package polyglossia Warning: Asking to add empty feature to latin font (Language="Brazilian" to langtag "") on input line 127.


Package polyglossia Warning: Asking to add empty feature to latin font (Language="Brazilian" to langtag "") on input line 128.

[45]

Package polyglossia Warning: Asking to add empty feature to latin font (Language="Brazilian" to langtag "") on input line 131.


Package polyglossia Warning: Asking to add empty feature to latin font (Language="Brazilian" to langtag "") on input line 131.

) (./capitulos/10-structs-unioes-enums.tex

Package polyglossia Warning: Asking to add empty feature to latin font (Language="Brazilian" to langtag "") on input line 1.

[46]
Capítulo 10.

Package polyglossia Warning: Asking to add empty feature to latin font (Language="Brazilian" to langtag "") on input line 1.


Package polyglossia Warning: Asking to add empty feature to latin font (Language="Brazilian" to langtag "") on input line 6.


Package polyglossia Warning: Asking to add empty feature to latin font (Language="Brazilian" to langtag "") on input line 6.


Package hyperref Warning: Token not allowed in a PDF string (Unicode):
(hyperref)                removing `\@ifnextchar' on input line 6.


Package polyglossia Warning: Asking to add empty feature to latin font (Language="Brazilian" to langtag "") on input line 8.

\openout8 = `main.listing'.


Package polyglossia Warning: Asking to add empty feature to latin font (Language="Brazilian" to langtag "") on input line 28.

(./_minted-main/36A023088BD003AB0DB0AB99CC6A5BA3BEBDD1D0F4AA7085BEAD66C8F6783572.pygtex

Package polyglossia Warning: Asking to add empty feature to latin font (Language="Brazilian" to langtag "") on input line 1.

)

Package polyglossia Warning: Asking to add empty feature to latin font (Language="Brazilian" to langtag "") on input line 30.


Package polyglossia Warning: Asking to add empty feature to latin font (Language="Brazilian" to langtag "") on input line 30.


Package polyglossia Warning: Asking to add empty feature to latin font (Language="Brazilian" to langtag "") on input line 30.


Package polyglossia Warning: Asking to add empty feature to latin font (Language="Brazilian" to langtag "") on input line 30.


Package polyglossia Warning: Asking to add empty feature to latin font (Language="Brazilian" to langtag "") on input line 30.


Package polyglossia Warning: Asking to add empty feature to latin font (Language="Brazilian" to langtag "") on input line 32.


Package polyglossia Warning: Asking to add empty feature to latin font (Language="Brazilian" to langtag "") on input line 34.

\openout8 = `main.listing'.


Package polyglossia Warning: Asking to add empty feature to latin font (Language="Brazilian" to langtag "") on input line 54.

(./_minted-main/09B7E03204BC4236B80E38F19AABA6BBBEBDD1D0F4AA7085BEAD66C8F6783572.pygtex

Package polyglossia Warning: Asking to add empty feature to latin font (Language="Brazilian" to langtag "") on input line 1.

)

Package polyglossia Warning: Asking to add empty feature to latin font (Language="Brazilian" to langtag "") on input line 54.

[47

]

Package polyglossia Warning: Asking to add empty feature to latin font (Language="Brazilian" to langtag "") on input line 56.


Package polyglossia Warning: Asking to add empty feature to latin font (Language="Brazilian" to langtag "") on input line 56.


Package hyperref Warning: Token not allowed in a PDF string (Unicode):
(hyperref)                removing `\@ifnextchar' on input line 56.


Package polyglossia Warning: Asking to add empty feature to latin font (Language="Brazilian" to langtag "") on input line 58.

\openout8 = `main.listing'.


Package polyglossia Warning: Asking to add empty feature to latin font (Language="Brazilian" to langtag "") on input line 79.

(./_minted-main/3E063E39641EDB0536352BEA0148F4A0BEBDD1D0F4AA7085BEAD66C8F6783572.pygtex

Package polyglossia Warning: Asking to add empty feature to latin font (Language="Brazilian" to langtag "") on input line 1.

)

Package polyglossia Warning: Asking to add empty feature to latin font (Language="Brazilian" to langtag "") on input line 81.


Package polyglossia Warning: Asking to add empty feature to latin font (Language="Brazilian" to langtag "") on input line 81.


Package polyglossia Warning: Asking to add empty feature to latin font (Language="Brazilian" to langtag "") on input line 81.


Package polyglossia Warning: Asking to add empty feature to latin font (Language="Brazilian" to langtag "") on input line 81.


Package polyglossia Warning: Asking to add empty feature to latin font (Language="Brazilian" to langtag "") on input line 84.


Package polyglossia Warning: Asking to add empty feature to latin font (Language="Brazilian" to langtag "") on input line 84.


Package polyglossia Warning: Asking to add empty feature to latin font (Language="Brazilian" to langtag "") on input line 84.


Package polyglossia Warning: Asking to add empty feature to latin font (Language="Brazilian" to langtag "") on input line 84.


Package polyglossia Warning: Asking to add empty feature to latin font (Language="Brazilian" to langtag "") on input line 84.


Package polyglossia Warning: Asking to add empty feature to latin font (Language="Brazilian" to langtag "") on input line 84.


Package polyglossia Warning: Asking to add empty feature to latin font (Language="Brazilian" to langtag "") on input line 84.


Package polyglossia Warning: Asking to add empty feature to latin font (Language="Brazilian" to langtag "") on input line 84.


Package polyglossia Warning: Asking to add empty feature to latin font (Language="Brazilian" to langtag "") on input line 84.


Package polyglossia Warning: Asking to add empty feature to latin font (Language="Brazilian" to langtag "") on input line 85.

[48]) (./capitulos/11-modularizacao.tex

Package polyglossia Warning: Asking to add empty feature to latin font (Language="Brazilian" to langtag "") on input line 1.


Package polyglossia Warning: Asking to add empty feature to latin font (Language="Brazilian" to langtag "") on input line 1.


Package fancyhdr Warning: \headheight is too small (12.0pt): 
(fancyhdr)                Make it at least 12.05003pt, for example:
(fancyhdr)                \setlength{\headheight}{12.05003pt}.
(fancyhdr)                You might also make \topmargin smaller to compensate:
(fancyhdr)                \addtolength{\topmargin}{-0.05003pt}.

[49]

Package polyglossia Warning: Asking to add empty feature to latin font (Language="Brazilian" to langtag "") on input line 1.

[50

]
Capítulo 11.

Package polyglossia Warning: Asking to add empty feature to latin font (Language="Brazilian" to langtag "") on input line 1.


Package polyglossia Warning: Asking to add empty feature to latin font (Language="Brazilian" to langtag "") on input line 4.


Package polyglossia Warning: Asking to add empty feature to latin font (Language="Brazilian" to langtag "") on input line 6.


Package polyglossia Warning: Asking to add empty feature to latin font (Language="Brazilian" to langtag "") on input line 11.


Package polyglossia Warning: Asking to add empty feature to latin font (Language="Brazilian" to langtag "") on input line 11.


Package polyglossia Warning: Asking to add empty feature to latin font (Language="Brazilian" to langtag "") on input line 11.


Package polyglossia Warning: Asking to add empty feature to latin font (Language="Brazilian" to langtag "") on input line 11.


Package polyglossia Warning: Asking to add empty feature to latin font (Language="Brazilian" to langtag "") on input line 11.


Package polyglossia Warning: Asking to add empty feature to latin font (Language="Brazilian" to langtag "") on input line 11.


Package polyglossia Warning: Asking to add empty feature to latin font (Language="Brazilian" to langtag "") on input line 12.


Underfull \hbox (badness 4096) in paragraph at lines 12--13
\TU/FiraSans(0)/m/n/10.95 específicos (por exemplo, comunicação com um sensor específico), instaladas
 []

\openout8 = `main.listing'.


Package polyglossia Warning: Asking to add empty feature to latin font (Language="Brazilian" to langtag "") on input line 32.

(./_minted-main/4555073DF6849230F70AAAA8884DC1ECBEBDD1D0F4AA7085BEAD66C8F6783572.pygtex

Package polyglossia Warning: Asking to add empty feature to latin font (Language="Brazilian" to langtag "") on input line 1.

)

Package polyglossia Warning: Asking to add empty feature to latin font (Language="Brazilian" to langtag "") on input line 35.


Package polyglossia Warning: Asking to add empty feature to latin font (Language="Brazilian" to langtag "") on input line 35.


Package polyglossia Warning: Asking to add empty feature to latin font (Language="Brazilian" to langtag "") on input line 38.


Package polyglossia Warning: Asking to add empty feature to latin font (Language="Brazilian" to langtag "") on input line 38.

[51]

Package polyglossia Warning: Asking to add empty feature to latin font (Language="Brazilian" to langtag "") on input line 43.


Package polyglossia Warning: Asking to add empty feature to latin font (Language="Brazilian" to langtag "") on input line 43.


Package polyglossia Warning: Asking to add empty feature to latin font (Language="Brazilian" to langtag "") on input line 43.


Package polyglossia Warning: Asking to add empty feature to latin font (Language="Brazilian" to langtag "") on input line 43.


Package polyglossia Warning: Asking to add empty feature to latin font (Language="Brazilian" to langtag "") on input line 44.


Package polyglossia Warning: Asking to add empty feature to latin font (Language="Brazilian" to langtag "") on input line 44.

\openout8 = `main.listing'.


Package polyglossia Warning: Asking to add empty feature to latin font (Language="Brazilian" to langtag "") on input line 54.

(./_minted-main/1297C3F68CA842811A62767E31407558BEBDD1D0F4AA7085BEAD66C8F6783572.pygtex

Package polyglossia Warning: Asking to add empty feature to latin font (Language="Brazilian" to langtag "") on input line 1.

)
\openout8 = `main.listing'.



Package polyglossia Warning: Asking to add empty feature to latin font (Language="Brazilian" to langtag "") on input line 62.

(./_minted-main/1DD4C8EF4FF766EC330A54C8FD195744BEBDD1D0F4AA7085BEAD66C8F6783572.pygtex

Package polyglossia Warning: Asking to add empty feature to latin font (Language="Brazilian" to langtag "") on input line 1.

)
\openout8 = `main.listing'.



Package polyglossia Warning: Asking to add empty feature to latin font (Language="Brazilian" to langtag "") on input line 73.

(./_minted-main/F61F0BEA1AF6B12E9DF89BFD4D9CD942BEBDD1D0F4AA7085BEAD66C8F6783572.pygtex

Package polyglossia Warning: Asking to add empty feature to latin font (Language="Brazilian" to langtag "") on input line 1.

)
\openout8 = `main.listing'.



Package polyglossia Warning: Asking to add empty feature to latin font (Language="Brazilian" to langtag "") on input line 79.

(./_minted-main/3EA88B9B997C8F809051976C8E2670571E8B2165DB203E1CDFAC5131E1A31867.pygtex

Package polyglossia Warning: Asking to add empty feature to latin font (Language="Brazilian" to langtag "") on input line 1.

)

Package polyglossia Warning: Asking to add empty feature to latin font (Language="Brazilian" to langtag "") on input line 81.


Package polyglossia Warning: Asking to add empty feature to latin font (Language="Brazilian" to langtag "") on input line 81.


Package polyglossia Warning: Asking to add empty feature to latin font (Language="Brazilian" to langtag "") on input line 81.


Underfull \hbox (badness 3746) in paragraph at lines 81--82
[]\TU/FiraSans(0)/m/n/10.95 Repare em []\TU/FiraMono(0)/m/n/10.95 #ifndef SENSOR_H[] \TU/FiraSans(0)/m/n/10.95 / []\TU/FiraMono(0)/m/n/10.95 #define SENSOR_H[] \TU/FiraSans(0)/m/n/10.95 / []\TU/FiraMono(0)/m/n/10.95 #endif[] \TU/FiraSans(0)/m/n/10.95 envolvendo todo o
 []


Package polyglossia Warning: Asking to add empty feature to latin font (Language="Brazilian" to langtag "") on input line 84.


Package polyglossia Warning: Asking to add empty feature to latin font (Language="Brazilian" to langtag "") on input line 84.


Underfull \vbox (badness 1168) has occurred while \output is active []



Package polyglossia Warning: Asking to add empty feature to latin font (Language="Brazilian" to langtag "") on input line 85.

[52]

Package polyglossia Warning: Asking to add empty feature to latin font (Language="Brazilian" to langtag "") on input line 88.


Package polyglossia Warning: Asking to add empty feature to latin font (Language="Brazilian" to langtag "") on input line 88.


Package polyglossia Warning: Asking to add empty feature to latin font (Language="Brazilian" to langtag "") on input line 88.


Package polyglossia Warning: Asking to add empty feature to latin font (Language="Brazilian" to langtag "") on input line 88.


Package polyglossia Warning: Asking to add empty feature to latin font (Language="Brazilian" to langtag "") on input line 88.


Package polyglossia Warning: Asking to add empty feature to latin font (Language="Brazilian" to langtag "") on input line 88.


Package polyglossia Warning: Asking to add empty feature to latin font (Language="Brazilian" to langtag "") on input line 88.

)

Package polyglossia Warning: Asking to add empty feature to latin font (Language="Brazilian" to langtag "") on input line 32.

[53]

Package polyglossia Warning: Asking to add empty feature to latin font (Language="Brazilian" to langtag "") on input line 32.

[54

]

Package polyglossia Warning: Asking to add empty feature to latin font (Language="Brazilian" to langtag "") on input line 32.


Package polyglossia Warning: Asking to add empty feature to latin font (Language="Brazilian" to langtag "") on input line 32.

[55]

Package polyglossia Warning: Asking to add empty feature to latin font (Language="Brazilian" to langtag "") on input line 32.

[56] (./capitulos/12-sistemas-embarcados.tex
Capítulo 12.

Package polyglossia Warning: Asking to add empty feature to latin font (Language="Brazilian" to langtag "") on input line 1.


Package polyglossia Warning: Asking to add empty feature to latin font (Language="Brazilian" to langtag "") on input line 6.


Package polyglossia Warning: Asking to add empty feature to latin font (Language="Brazilian" to langtag "") on input line 10.


Package polyglossia Warning: Asking to add empty feature to latin font (Language="Brazilian" to langtag "") on input line 24.


Package polyglossia Warning: Asking to add empty feature to latin font (Language="Brazilian" to langtag "") on input line 29.


Package polyglossia Warning: Asking to add empty feature to latin font (Language="Brazilian" to langtag "") on input line 33.

File: imagens/esp32_diagram_upscayl_5x_upscayl-standard-4x.png Graphic file (type bmp)
<imagens/esp32_diagram_upscayl_5x_upscayl-standard-4x.png>

Package polyglossia Warning: Asking to add empty feature to latin font (Language="Brazilian" to langtag "") on input line 36.


Underfull \vbox (badness 1028) has occurred while \output is active []



Package polyglossia Warning: Asking to add empty feature to latin font (Language="Brazilian" to langtag "") on input line 38.

[57

]

Package polyglossia Warning: Asking to add empty feature to latin font (Language="Brazilian" to langtag "") on input line 40.


Package polyglossia Warning: Asking to add empty feature to latin font (Language="Brazilian" to langtag "") on input line 41.


Package polyglossia Warning: Asking to add empty feature to latin font (Language="Brazilian" to langtag "") on input line 42.


Package polyglossia Warning: Asking to add empty feature to latin font (Language="Brazilian" to langtag "") on input line 43.


Package polyglossia Warning: Asking to add empty feature to latin font (Language="Brazilian" to langtag "") on input line 44.


Package polyglossia Warning: Asking to add empty feature to latin font (Language="Brazilian" to langtag "") on input line 51.


Package polyglossia Warning: Asking to add empty feature to latin font (Language="Brazilian" to langtag "") on input line 51.

[58]

Package polyglossia Warning: Asking to add empty feature to latin font (Language="Brazilian" to langtag "") on input line 53.


Underfull \hbox (badness 2478) in paragraph at lines 53--54
\TU/FiraSans(0)/m/n/10.95 operacional (Linux, Windows ou macOS), que gerenciava memória, agendamento de
 []


Package polyglossia Warning: Asking to add empty feature to latin font (Language="Brazilian" to langtag "") on input line 58.

) (./capitulos/13-microcontroladores.tex

Package polyglossia Warning: Asking to add empty feature to latin font (Language="Brazilian" to langtag "") on input line 1.

[59]

Package polyglossia Warning: Asking to add empty feature to latin font (Language="Brazilian" to langtag "") on input line 1.

[60

]
Capítulo 13.

Package polyglossia Warning: Asking to add empty feature to latin font (Language="Brazilian" to langtag "") on input line 1.


Package polyglossia Warning: Asking to add empty feature to latin font (Language="Brazilian" to langtag "") on input line 6.


Package polyglossia Warning: Asking to add empty feature to latin font (Language="Brazilian" to langtag "") on input line 12.

File: imagens/intel_4004.png Graphic file (type bmp)
<imagens/intel_4004.png>

Package polyglossia Warning: Asking to add empty feature to latin font (Language="Brazilian" to langtag "") on input line 15.


Package polyglossia Warning: Asking to add empty feature to latin font (Language="Brazilian" to langtag "") on input line 21.

[61]

Package polyglossia Warning: Asking to add empty feature to latin font (Language="Brazilian" to langtag "") on input line 23.


Package polyglossia Warning: Asking to add empty feature to latin font (Language="Brazilian" to langtag "") on input line 24.


Underfull \hbox (badness 2809) in paragraph at lines 24--25
[]\TU/FiraSans(0)/m/n/10.95 a \TU/FiraSans(0)/b/n/10.95 RAM \TU/FiraSans(0)/m/n/10.95 (\TU/FiraSans(0)/m/it/10.95 Random-Access Memory\TU/FiraSans(0)/m/n/10.95 ), associada aos dados manipulados durante a
 []


Package polyglossia Warning: Asking to add empty feature to latin font (Language="Brazilian" to langtag "") on input line 25.


Underfull \hbox (badness 1087) in paragraph at lines 25--26
[]\TU/FiraSans(0)/m/n/10.95 registradores digitais de \TU/FiraSans(0)/b/n/10.95 interface \TU/FiraSans(0)/m/n/10.95 com dispositivos externos — os pinos GPIO e
 []


Package polyglossia Warning: Asking to add empty feature to latin font (Language="Brazilian" to langtag "") on input line 30.


Overfull \hbox (13.99162pt too wide) in paragraph at lines 32--33
\TU/FiraSans(0)/m/n/10.95 A \TU/FiraSans(0)/b/n/10.95 unidade de processamento \TU/FiraSans(0)/m/n/10.95 (ou simplesmente \TU/FiraSans(0)/m/it/10.95 processador\TU/FiraSans(0)/m/n/10.95 ) é o centro de um microcontrolador:
 []


Package polyglossia Warning: Asking to add empty feature to latin font (Language="Brazilian" to langtag "") on input line 36.

File: imagens/estado_microcontrolador.png Graphic file (type bmp)
<imagens/estado_microcontrolador.png>

Package polyglossia Warning: Asking to add empty feature to latin font (Language="Brazilian" to langtag "") on input line 39.


Underfull \hbox (badness 1466) in paragraph at lines 42--43
[]\TU/FiraSans(0)/m/n/10.95 Em cada ciclo, o processador busca a próxima instrução do \TU/FiraSans(0)/b/n/10.95 roteiro \TU/FiraSans(0)/m/n/10.95 (o programa,
 []


Package polyglossia Warning: Asking to add empty feature to latin font (Language="Brazilian" to langtag "") on input line 43.

[62]

Package polyglossia Warning: Asking to add empty feature to latin font (Language="Brazilian" to langtag "") on input line 48.


Package polyglossia Warning: Asking to add empty feature to latin font (Language="Brazilian" to langtag "") on input line 60.


Package polyglossia Warning: Asking to add empty feature to latin font (Language="Brazilian" to langtag "") on input line 60.


Package polyglossia Warning: Asking to add empty feature to latin font (Language="Brazilian" to langtag "") on input line 60.


Package polyglossia Warning: Asking to add empty feature to latin font (Language="Brazilian" to langtag "") on input line 60.


Package polyglossia Warning: Asking to add empty feature to latin font (Language="Brazilian" to langtag "") on input line 64.


Package polyglossia Warning: Asking to add empty feature to latin font (Language="Brazilian" to langtag "") on input line 64.


Package polyglossia Warning: Asking to add empty feature to latin font (Language="Brazilian" to langtag "") on input line 64.


Package polyglossia Warning: Asking to add empty feature to latin font (Language="Brazilian" to langtag "") on input line 64.

) (./capitulos/14-platformio.tex

Package polyglossia Warning: Asking to add empty feature to latin font (Language="Brazilian" to langtag "") on input line 1.


Package fancyhdr Warning: \headheight is too small (12.0pt): 
(fancyhdr)                Make it at least 12.05003pt, for example:
(fancyhdr)                \setlength{\headheight}{12.05003pt}.
(fancyhdr)                You might also make \topmargin smaller to compensate:
(fancyhdr)                \addtolength{\topmargin}{-0.05003pt}.

[63]

Package polyglossia Warning: Asking to add empty feature to latin font (Language="Brazilian" to langtag "") on input line 1.

[64]
Capítulo 14.

Package polyglossia Warning: Asking to add empty feature to latin font (Language="Brazilian" to langtag "") on input line 1.


Package polyglossia Warning: Asking to add empty feature to latin font (Language="Brazilian" to langtag "") on input line 6.


Package polyglossia Warning: Asking to add empty feature to latin font (Language="Brazilian" to langtag "") on input line 15.


Package polyglossia Warning: Asking to add empty feature to latin font (Language="Brazilian" to langtag "") on input line 15.


Package polyglossia Warning: Asking to add empty feature to latin font (Language="Brazilian" to langtag "") on input line 18.


Package polyglossia Warning: Asking to add empty feature to latin font (Language="Brazilian" to langtag "") on input line 18.

[65

]

Package polyglossia Warning: Asking to add empty feature to latin font (Language="Brazilian" to langtag "") on input line 22.


Package polyglossia Warning: Asking to add empty feature to latin font (Language="Brazilian" to langtag "") on input line 32.


Package polyglossia Warning: Asking to add empty feature to latin font (Language="Brazilian" to langtag "") on input line 36.


Package polyglossia Warning: Asking to add empty feature to latin font (Language="Brazilian" to langtag "") on input line 42.


Package polyglossia Warning: Asking to add empty feature to latin font (Language="Brazilian" to langtag "") on input line 43.


Package polyglossia Warning: Asking to add empty feature to latin font (Language="Brazilian" to langtag "") on input line 44.


Package polyglossia Warning: Asking to add empty feature to latin font (Language="Brazilian" to langtag "") on input line 48.


Package polyglossia Warning: Asking to add empty feature to latin font (Language="Brazilian" to langtag "") on input line 52.


Package polyglossia Warning: Asking to add empty feature to latin font (Language="Brazilian" to langtag "") on input line 55.

\openout8 = `main.listing'.


Package polyglossia Warning: Asking to add empty feature to latin font (Language="Brazilian" to langtag "") on input line 67.

(./_minted-main/F8EABEEDA8427A4530F2B37E55992CDFD8E0493FE5C606A86E94D8F5A4ADE7E0.pygtex

Package polyglossia Warning: Asking to add empty feature to latin font (Language="Brazilian" to langtag "") on input line 1.

)

Package polyglossia Warning: Asking to add empty feature to latin font (Language="Brazilian" to langtag "") on input line 67.

[66]

Package polyglossia Warning: Asking to add empty feature to latin font (Language="Brazilian" to langtag "") on input line 70.


Package polyglossia Warning: Asking to add empty feature to latin font (Language="Brazilian" to langtag "") on input line 70.


Package polyglossia Warning: Asking to add empty feature to latin font (Language="Brazilian" to langtag "") on input line 70.


Package polyglossia Warning: Asking to add empty feature to latin font (Language="Brazilian" to langtag "") on input line 70.


Package polyglossia Warning: Asking to add empty feature to latin font (Language="Brazilian" to langtag "") on input line 70.


Package polyglossia Warning: Asking to add empty feature to latin font (Language="Brazilian" to langtag "") on input line 71.


Package polyglossia Warning: Asking to add empty feature to latin font (Language="Brazilian" to langtag "") on input line 71.


Package polyglossia Warning: Asking to add empty feature to latin font (Language="Brazilian" to langtag "") on input line 71.


Package polyglossia Warning: Asking to add empty feature to latin font (Language="Brazilian" to langtag "") on input line 72.


Package polyglossia Warning: Asking to add empty feature to latin font (Language="Brazilian" to langtag "") on input line 72.


Underfull \hbox (badness 3158) in paragraph at lines 72--73
[][]\TU/FiraMono(0)/m/n/10.95 lib/[] \TU/FiraSans(0)/m/n/10.95 — para bibliotecas próprias, reutilizáveis entre projetos, ou de terceiros
 []


Package polyglossia Warning: Asking to add empty feature to latin font (Language="Brazilian" to langtag "") on input line 73.


Package polyglossia Warning: Asking to add empty feature to latin font (Language="Brazilian" to langtag "") on input line 73.


Package polyglossia Warning: Asking to add empty feature to latin font (Language="Brazilian" to langtag "") on input line 76.


Package polyglossia Warning: Asking to add empty feature to latin font (Language="Brazilian" to langtag "") on input line 76.


Package hyperref Warning: Token not allowed in a PDF string (Unicode):
(hyperref)                removing `\@ifnextchar' on input line 76.

\openout8 = `main.listing'.


Package polyglossia Warning: Asking to add empty feature to latin font (Language="Brazilian" to langtag "") on input line 84.

(./_minted-main/B83570638D292FA27E7A3A200CC68EEBD8E0493FE5C606A86E94D8F5A4ADE7E0.pygtex

Package polyglossia Warning: Asking to add empty feature to latin font (Language="Brazilian" to langtag "") on input line 1.

)

Package polyglossia Warning: Asking to add empty feature to latin font (Language="Brazilian" to langtag "") on input line 86.


Package polyglossia Warning: Asking to add empty feature to latin font (Language="Brazilian" to langtag "") on input line 92.


Package polyglossia Warning: Asking to add empty feature to latin font (Language="Brazilian" to langtag "") on input line 92.


Package polyglossia Warning: Asking to add empty feature to latin font (Language="Brazilian" to langtag "") on input line 93.


Package polyglossia Warning: Asking to add empty feature to latin font (Language="Brazilian" to langtag "") on input line 94.


Package polyglossia Warning: Asking to add empty feature to latin font (Language="Brazilian" to langtag "") on input line 94.


Package polyglossia Warning: Asking to add empty feature to latin font (Language="Brazilian" to langtag "") on input line 95.


Package polyglossia Warning: Asking to add empty feature to latin font (Language="Brazilian" to langtag "") on input line 98.


Package polyglossia Warning: Asking to add empty feature to latin font (Language="Brazilian" to langtag "") on input line 98.


Package polyglossia Warning: Asking to add empty feature to latin font (Language="Brazilian" to langtag "") on input line 98.


Package polyglossia Warning: Asking to add empty feature to latin font (Language="Brazilian" to langtag "") on input line 103.


Package polyglossia Warning: Asking to add empty feature to latin font (Language="Brazilian" to langtag "") on input line 107.


Package polyglossia Warning: Asking to add empty feature to latin font (Language="Brazilian" to langtag "") on input line 119.


Package polyglossia Warning: Asking to add empty feature to latin font (Language="Brazilian" to langtag "") on input line 120.

[67]

Package polyglossia Warning: Asking to add empty feature to latin font (Language="Brazilian" to langtag "") on input line 126.


Package polyglossia Warning: Asking to add empty feature to latin font (Language="Brazilian" to langtag "") on input line 126.

) (./capitulos/15-anatomia-projeto.tex

Package polyglossia Warning: Asking to add empty feature to latin font (Language="Brazilian" to langtag "") on input line 1.

[68]
Capítulo 15.

Package polyglossia Warning: Asking to add empty feature to latin font (Language="Brazilian" to langtag "") on input line 1.


Package polyglossia Warning: Asking to add empty feature to latin font (Language="Brazilian" to langtag "") on input line 6.


Package polyglossia Warning: Asking to add empty feature to latin font (Language="Brazilian" to langtag "") on input line 6.


Package polyglossia Warning: Asking to add empty feature to latin font (Language="Brazilian" to langtag "") on input line 6.


Package hyperref Warning: Token not allowed in a PDF string (Unicode):
(hyperref)                removing `\@ifnextchar' on input line 6.


Package hyperref Warning: Token not allowed in a PDF string (Unicode):
(hyperref)                removing `\@ifnextchar' on input line 6.


Package polyglossia Warning: Asking to add empty feature to latin font (Language="Brazilian" to langtag "") on input line 8.

\openout8 = `main.listing'.


Package polyglossia Warning: Asking to add empty feature to latin font (Language="Brazilian" to langtag "") on input line 18.

(./_minted-main/80BF10697F84FD6E800ABFC12B38E378BEBDD1D0F4AA7085BEAD66C8F6783572.pygtex

Package polyglossia Warning: Asking to add empty feature to latin font (Language="Brazilian" to langtag "") on input line 1.

)

Package polyglossia Warning: Asking to add empty feature to latin font (Language="Brazilian" to langtag "") on input line 21.


Package polyglossia Warning: Asking to add empty feature to latin font (Language="Brazilian" to langtag "") on input line 21.


Package polyglossia Warning: Asking to add empty feature to latin font (Language="Brazilian" to langtag "") on input line 22.


Package polyglossia Warning: Asking to add empty feature to latin font (Language="Brazilian" to langtag "") on input line 22.


Package polyglossia Warning: Asking to add empty feature to latin font (Language="Brazilian" to langtag "") on input line 22.


Package polyglossia Warning: Asking to add empty feature to latin font (Language="Brazilian" to langtag "") on input line 26.


Package polyglossia Warning: Asking to add empty feature to latin font (Language="Brazilian" to langtag "") on input line 26.


Package polyglossia Warning: Asking to add empty feature to latin font (Language="Brazilian" to langtag "") on input line 26.


Package polyglossia Warning: Asking to add empty feature to latin font (Language="Brazilian" to langtag "") on input line 26.


Package polyglossia Warning: Asking to add empty feature to latin font (Language="Brazilian" to langtag "") on input line 26.


Package polyglossia Warning: Asking to add empty feature to latin font (Language="Brazilian" to langtag "") on input line 26.


Package polyglossia Warning: Asking to add empty feature to latin font (Language="Brazilian" to langtag "") on input line 26.


Package polyglossia Warning: Asking to add empty feature to latin font (Language="Brazilian" to langtag "") on input line 26.


Package polyglossia Warning: Asking to add empty feature to latin font (Language="Brazilian" to langtag "") on input line 29.

\openout8 = `main.listing'.


Package polyglossia Warning: Asking to add empty feature to latin font (Language="Brazilian" to langtag "") on input line 45.

(./_minted-main/8016DFB371FC67E04788B5725348E953BEBDD1D0F4AA7085BEAD66C8F6783572.pygtex

Package polyglossia Warning: Asking to add empty feature to latin font (Language="Brazilian" to langtag "") on input line 1.

)

Package polyglossia Warning: Asking to add empty feature to latin font (Language="Brazilian" to langtag "") on input line 45.

[69

]

Package polyglossia Warning: Asking to add empty feature to latin font (Language="Brazilian" to langtag "") on input line 48.


Package polyglossia Warning: Asking to add empty feature to latin font (Language="Brazilian" to langtag "") on input line 48.


Package polyglossia Warning: Asking to add empty feature to latin font (Language="Brazilian" to langtag "") on input line 48.


Package polyglossia Warning: Asking to add empty feature to latin font (Language="Brazilian" to langtag "") on input line 51.


Package polyglossia Warning: Asking to add empty feature to latin font (Language="Brazilian" to langtag "") on input line 53.


Package polyglossia Warning: Asking to add empty feature to latin font (Language="Brazilian" to langtag "") on input line 58.


Package polyglossia Warning: Asking to add empty feature to latin font (Language="Brazilian" to langtag "") on input line 58.

\openout8 = `main.listing'.


Package polyglossia Warning: Asking to add empty feature to latin font (Language="Brazilian" to langtag "") on input line 65.

(./_minted-main/CD8092A3620DA41754DC15BBA5C344071E8B2165DB203E1CDFAC5131E1A31867.pygtex

Package polyglossia Warning: Asking to add empty feature to latin font (Language="Brazilian" to langtag "") on input line 1.

)

Package polyglossia Warning: Asking to add empty feature to latin font (Language="Brazilian" to langtag "") on input line 68.


Package polyglossia Warning: Asking to add empty feature to latin font (Language="Brazilian" to langtag "") on input line 68.


Package polyglossia Warning: Asking to add empty feature to latin font (Language="Brazilian" to langtag "") on input line 68.


Package polyglossia Warning: Asking to add empty feature to latin font (Language="Brazilian" to langtag "") on input line 68.


Package polyglossia Warning: Asking to add empty feature to latin font (Language="Brazilian" to langtag "") on input line 68.


Underfull \hbox (badness 2205) in paragraph at lines 68--69
[]\TU/FiraSans(0)/m/n/10.95 Se o monitor serial mostrar apenas caracteres ilegíveis (“lixo”), a causa quase
 []


Package polyglossia Warning: Asking to add empty feature to latin font (Language="Brazilian" to langtag "") on input line 69.

[70]

Package polyglossia Warning: Asking to add empty feature to latin font (Language="Brazilian" to langtag "") on input line 71.


Package polyglossia Warning: Asking to add empty feature to latin font (Language="Brazilian" to langtag "") on input line 73.


Package polyglossia Warning: Asking to add empty feature to latin font (Language="Brazilian" to langtag "") on input line 73.


Package polyglossia Warning: Asking to add empty feature to latin font (Language="Brazilian" to langtag "") on input line 73.

) (./capitulos/16-gpio.tex
Underfull \hbox (badness 1769) in paragraph at lines 75--1
\TU/FiraSans(0)/m/n/10.95 entradas e saídas digitais (Capítulo [][]16[][]), leitura de sensores analógicos (Capítulo [][]17[][]),
 []


Package polyglossia Warning: Asking to add empty feature to latin font (Language="Brazilian" to langtag "") on input line 1.

[71]

Package polyglossia Warning: Asking to add empty feature to latin font (Language="Brazilian" to langtag "") on input line 1.

[72

]
Capítulo 16.

Package polyglossia Warning: Asking to add empty feature to latin font (Language="Brazilian" to langtag "") on input line 1.


Package polyglossia Warning: Asking to add empty feature to latin font (Language="Brazilian" to langtag "") on input line 10.

\openout8 = `main.listing'.


Package polyglossia Warning: Asking to add empty feature to latin font (Language="Brazilian" to langtag "") on input line 28.

(./_minted-main/7894802B9FE8E067DFAC3CF77A336184BEBDD1D0F4AA7085BEAD66C8F6783572.pygtex

Package polyglossia Warning: Asking to add empty feature to latin font (Language="Brazilian" to langtag "") on input line 1.

)

Package polyglossia Warning: Asking to add empty feature to latin font (Language="Brazilian" to langtag "") on input line 33.


Package polyglossia Warning: Asking to add empty feature to latin font (Language="Brazilian" to langtag "") on input line 33.


Package polyglossia Warning: Asking to add empty feature to latin font (Language="Brazilian" to langtag "") on input line 33.


Package polyglossia Warning: Asking to add empty feature to latin font (Language="Brazilian" to langtag "") on input line 33.


Package polyglossia Warning: Asking to add empty feature to latin font (Language="Brazilian" to langtag "") on input line 33.


Package polyglossia Warning: Asking to add empty feature to latin font (Language="Brazilian" to langtag "") on input line 34.


Package polyglossia Warning: Asking to add empty feature to latin font (Language="Brazilian" to langtag "") on input line 34.


Package polyglossia Warning: Asking to add empty feature to latin font (Language="Brazilian" to langtag "") on input line 34.


Package polyglossia Warning: Asking to add empty feature to latin font (Language="Brazilian" to langtag "") on input line 34.


Package polyglossia Warning: Asking to add empty feature to latin font (Language="Brazilian" to langtag "") on input line 35.

[73]

Package polyglossia Warning: Asking to add empty feature to latin font (Language="Brazilian" to langtag "") on input line 35.


Package polyglossia Warning: Asking to add empty feature to latin font (Language="Brazilian" to langtag "") on input line 35.


Package polyglossia Warning: Asking to add empty feature to latin font (Language="Brazilian" to langtag "") on input line 42.

\openout8 = `main.listing'.


Package polyglossia Warning: Asking to add empty feature to latin font (Language="Brazilian" to langtag "") on input line 62.

(./_minted-main/2242411DD9DD0D54936CE7FBEC3B3A2ABEBDD1D0F4AA7085BEAD66C8F6783572.pygtex

Package polyglossia Warning: Asking to add empty feature to latin font (Language="Brazilian" to langtag "") on input line 1.

)

Package polyglossia Warning: Asking to add empty feature to latin font (Language="Brazilian" to langtag "") on input line 65.


Package polyglossia Warning: Asking to add empty feature to latin font (Language="Brazilian" to langtag "") on input line 65.


Package polyglossia Warning: Asking to add empty feature to latin font (Language="Brazilian" to langtag "") on input line 65.


Package polyglossia Warning: Asking to add empty feature to latin font (Language="Brazilian" to langtag "") on input line 69.


Underfull \hbox (badness 1132) in paragraph at lines 69--70
[]\TU/FiraSans(0)/m/n/10.95 Botões mecânicos produzem múltiplas transições elétricas rápidas e espúrias no
 []


Package polyglossia Warning: Asking to add empty feature to latin font (Language="Brazilian" to langtag "") on input line 70.


Package fancyhdr Warning: \headheight is too small (12.0pt): 
(fancyhdr)                Make it at least 12.05003pt, for example:
(fancyhdr)                \setlength{\headheight}{12.05003pt}.
(fancyhdr)                You might also make \topmargin smaller to compensate:
(fancyhdr)                \addtolength{\topmargin}{-0.05003pt}.

[74]

Package polyglossia Warning: Asking to add empty feature to latin font (Language="Brazilian" to langtag "") on input line 72.

\openout8 = `main.listing'.


Package polyglossia Warning: Asking to add empty feature to latin font (Language="Brazilian" to langtag "") on input line 94.

(./_minted-main/24CA0917239601A2F553C8EAD7BEE42FBEBDD1D0F4AA7085BEAD66C8F6783572.pygtex

Package polyglossia Warning: Asking to add empty feature to latin font (Language="Brazilian" to langtag "") on input line 1.

)

Package polyglossia Warning: Asking to add empty feature to latin font (Language="Brazilian" to langtag "") on input line 96.


Package polyglossia Warning: Asking to add empty feature to latin font (Language="Brazilian" to langtag "") on input line 96.

) (./capitulos/17-adc-sensores.tex

Package polyglossia Warning: Asking to add empty feature to latin font (Language="Brazilian" to langtag "") on input line 1.

[75]

Package polyglossia Warning: Asking to add empty feature to latin font (Language="Brazilian" to langtag "") on input line 1.

[76

]
Capítulo 17.

Package polyglossia Warning: Asking to add empty feature to latin font (Language="Brazilian" to langtag "") on input line 1.


Overfull \hbox (2.81996pt too wide) in paragraph at lines 4--5
\TU/FiraSans(0)/m/n/10.95 Muitos sensores — potenciômetros, sensores de luminosidade (LDR), sensores de temperatura
 []


Package polyglossia Warning: Asking to add empty feature to latin font (Language="Brazilian" to langtag "") on input line 6.


Package polyglossia Warning: Asking to add empty feature to latin font (Language="Brazilian" to langtag "") on input line 11.


Package polyglossia Warning: Asking to add empty feature to latin font (Language="Brazilian" to langtag "") on input line 12.


Package polyglossia Warning: Asking to add empty feature to latin font (Language="Brazilian" to langtag "") on input line 18.


Package polyglossia Warning: Asking to add empty feature to latin font (Language="Brazilian" to langtag "") on input line 25.


Package polyglossia Warning: Asking to add empty feature to latin font (Language="Brazilian" to langtag "") on input line 39.


LaTeX Warning: `h' float specifier changed to `ht'.


Package polyglossia Warning: Asking to add empty feature to latin font (Language="Brazilian" to langtag "") on input line 42.


Package polyglossia Warning: Asking to add empty feature to latin font (Language="Brazilian" to langtag "") on input line 45.

[77]

Package polyglossia Warning: Asking to add empty feature to latin font (Language="Brazilian" to langtag "") on input line 46.


Package polyglossia Warning: Asking to add empty feature to latin font (Language="Brazilian" to langtag "") on input line 82.


Package polyglossia Warning: Asking to add empty feature to latin font (Language="Brazilian" to langtag "") on input line 95.


Package fancyhdr Warning: \headheight is too small (12.0pt): 
(fancyhdr)                Make it at least 12.05003pt, for example:
(fancyhdr)                \setlength{\headheight}{12.05003pt}.
(fancyhdr)                You might also make \topmargin smaller to compensate:
(fancyhdr)                \addtolength{\topmargin}{-0.05003pt}.

[78]

Package polyglossia Warning: Asking to add empty feature to latin font (Language="Brazilian" to langtag "") on input line 96.


Package polyglossia Warning: Asking to add empty feature to latin font (Language="Brazilian" to langtag "") on input line 104.


Package polyglossia Warning: Asking to add empty feature to latin font (Language="Brazilian" to langtag "") on input line 106.


Package polyglossia Warning: Asking to add empty feature to latin font (Language="Brazilian" to langtag "") on input line 108.

\openout8 = `main.listing'.


Package polyglossia Warning: Asking to add empty feature to latin font (Language="Brazilian" to langtag "") on input line 129.

(./_minted-main/690A49B01D78E576146A69DFB19DE718BEBDD1D0F4AA7085BEAD66C8F6783572.pygtex

Package polyglossia Warning: Asking to add empty feature to latin font (Language="Brazilian" to langtag "") on input line 1.

)

Package polyglossia Warning: Asking to add empty feature to latin font (Language="Brazilian" to langtag "") on input line 129.

[79]

Package polyglossia Warning: Asking to add empty feature to latin font (Language="Brazilian" to langtag "") on input line 132.


Package polyglossia Warning: Asking to add empty feature to latin font (Language="Brazilian" to langtag "") on input line 135.


Underfull \hbox (badness 2096) in paragraph at lines 137--138
\TU/FiraSans(0)/m/n/10.95 ou \TU/FiraSans(0)/b/n/10.95 avaliado\TU/FiraSans(0)/m/n/10.95 . O exemplo a seguir lê um LDR (fotorresistor), estima um percentual
 []


Underfull \hbox (badness 2735) in paragraph at lines 137--138
\TU/FiraSans(0)/m/n/10.95 de luminosidade e usa o próprio monitor serial como ferramenta de depuração e
 []


Underfull \hbox (badness 1642) in paragraph at lines 137--138
\TU/FiraSans(0)/m/n/10.95 acompanhamento — a técnica de \TU/FiraSans(0)/m/it/10.95 print debugging \TU/FiraSans(0)/m/n/10.95 apresentada no Capítulo [][]4[][], agora
 []

\openout8 = `main.listing'.


Package polyglossia Warning: Asking to add empty feature to latin font (Language="Brazilian" to langtag "") on input line 162.

(./_minted-main/E01CEBEB823E74943EE8B19631FB7A81BEBDD1D0F4AA7085BEAD66C8F6783572.pygtex

Package polyglossia Warning: Asking to add empty feature to latin font (Language="Brazilian" to langtag "") on input line 1.

)

Package polyglossia Warning: Asking to add empty feature to latin font (Language="Brazilian" to langtag "") on input line 162.


Package fancyhdr Warning: \headheight is too small (12.0pt): 
(fancyhdr)                Make it at least 12.05003pt, for example:
(fancyhdr)                \setlength{\headheight}{12.05003pt}.
(fancyhdr)                You might also make \topmargin smaller to compensate:
(fancyhdr)                \addtolength{\topmargin}{-0.05003pt}.

[80]

Package polyglossia Warning: Asking to add empty feature to latin font (Language="Brazilian" to langtag "") on input line 164.

\openout8 = `main.listing'.


Package polyglossia Warning: Asking to add empty feature to latin font (Language="Brazilian" to langtag "") on input line 197.

(./_minted-main/103A6D690CE84B2E5E858F2A44D5092DBEBDD1D0F4AA7085BEAD66C8F6783572.pygtex

Package polyglossia Warning: Asking to add empty feature to latin font (Language="Brazilian" to langtag "") on input line 1.

)

Package polyglossia Warning: Asking to add empty feature to latin font (Language="Brazilian" to langtag "") on input line 199.


Package polyglossia Warning: Asking to add empty feature to latin font (Language="Brazilian" to langtag "") on input line 199.


Package polyglossia Warning: Asking to add empty feature to latin font (Language="Brazilian" to langtag "") on input line 199.

) (./capitulos/18-serial-debug.tex
Underfull \hbox (badness 1221) in paragraph at lines 199--1
[]\TU/FiraSans(0)/m/n/10.95 O operador []\TU/FiraMono(0)/m/n/10.95 %[] \TU/FiraSans(0)/m/n/10.95 (resto da divisão, Capítulo [][]3[][]) faz o índice []\TU/FiraMono(0)/m/n/10.95 indice_atual[] \TU/FiraSans(0)/m/n/10.95 voltar a 0
 []


Package polyglossia Warning: Asking to add empty feature to latin font (Language="Brazilian" to langtag "") on input line 1.

[81]

Package polyglossia Warning: Asking to add empty feature to latin font (Language="Brazilian" to langtag "") on input line 1.

[82

]
Capítulo 18.

Package polyglossia Warning: Asking to add empty feature to latin font (Language="Brazilian" to langtag "") on input line 1.


Package polyglossia Warning: Asking to add empty feature to latin font (Language="Brazilian" to langtag "") on input line 6.


Package polyglossia Warning: Asking to add empty feature to latin font (Language="Brazilian" to langtag "") on input line 8.


Package polyglossia Warning: Asking to add empty feature to latin font (Language="Brazilian" to langtag "") on input line 8.


Underfull \hbox (badness 2073) in paragraph at lines 8--9
\TU/FiraSans(0)/m/n/10.95 O ESP32 se comunica com o computador através de uma interface \TU/FiraSans(0)/b/n/10.95 UART \TU/FiraSans(0)/m/n/10.95 (\TU/FiraSans(0)/m/it/10.95 Universal
 []

\openout8 = `main.listing'.


Package polyglossia Warning: Asking to add empty feature to latin font (Language="Brazilian" to langtag "") on input line 24.

(./_minted-main/40357F735541CB8D8681342D61293EC7BEBDD1D0F4AA7085BEAD66C8F6783572.pygtex

Package polyglossia Warning: Asking to add empty feature to latin font (Language="Brazilian" to langtag "") on input line 1.

)

Package polyglossia Warning: Asking to add empty feature to latin font (Language="Brazilian" to langtag "") on input line 26.


Package polyglossia Warning: Asking to add empty feature to latin font (Language="Brazilian" to langtag "") on input line 26.


Package polyglossia Warning: Asking to add empty feature to latin font (Language="Brazilian" to langtag "") on input line 26.


Package polyglossia Warning: Asking to add empty feature to latin font (Language="Brazilian" to langtag "") on input line 28.


Package polyglossia Warning: Asking to add empty feature to latin font (Language="Brazilian" to langtag "") on input line 28.


Package hyperref Warning: Token not allowed in a PDF string (Unicode):
(hyperref)                removing `\@ifnextchar' on input line 28.


Package polyglossia Warning: Asking to add empty feature to latin font (Language="Brazilian" to langtag "") on input line 30.


Package polyglossia Warning: Asking to add empty feature to latin font (Language="Brazilian" to langtag "") on input line 36.


Package polyglossia Warning: Asking to add empty feature to latin font (Language="Brazilian" to langtag "") on input line 36.


Package polyglossia Warning: Asking to add empty feature to latin font (Language="Brazilian" to langtag "") on input line 37.


Package polyglossia Warning: Asking to add empty feature to latin font (Language="Brazilian" to langtag "") on input line 37.


Package polyglossia Warning: Asking to add empty feature to latin font (Language="Brazilian" to langtag "") on input line 38.


Package polyglossia Warning: Asking to add empty feature to latin font (Language="Brazilian" to langtag "") on input line 38.


Package polyglossia Warning: Asking to add empty feature to latin font (Language="Brazilian" to langtag "") on input line 41.


LaTeX Warning: `h' float specifier changed to `ht'.


Package polyglossia Warning: Asking to add empty feature to latin font (Language="Brazilian" to langtag "") on input line 45.


Package polyglossia Warning: Asking to add empty feature to latin font (Language="Brazilian" to langtag "") on input line 45.


Package polyglossia Warning: Asking to add empty feature to latin font (Language="Brazilian" to langtag "") on input line 45.


Package polyglossia Warning: Asking to add empty feature to latin font (Language="Brazilian" to langtag "") on input line 45.


Package polyglossia Warning: Asking to add empty feature to latin font (Language="Brazilian" to langtag "") on input line 45.


Package polyglossia Warning: Asking to add empty feature to latin font (Language="Brazilian" to langtag "") on input line 45.


Package polyglossia Warning: Asking to add empty feature to latin font (Language="Brazilian" to langtag "") on input line 45.


Underfull \hbox (badness 10000) in paragraph at lines 45--46
[][]\TU/FiraMono(0)/m/n/10.95 Serial.printf[] \TU/FiraSans(0)/m/n/10.95 aceita exatamente os mesmos especificadores de formato
 []


Underfull \vbox (badness 10000) has occurred while \output is active []



Package polyglossia Warning: Asking to add empty feature to latin font (Language="Brazilian" to langtag "") on input line 46.

[83]

Package polyglossia Warning: Asking to add empty feature to latin font (Language="Brazilian" to langtag "") on input line 48.


Package polyglossia Warning: Asking to add empty feature to latin font (Language="Brazilian" to langtag "") on input line 50.


Package polyglossia Warning: Asking to add empty feature to latin font (Language="Brazilian" to langtag "") on input line 50.

\openout8 = `main.listing'.


Package polyglossia Warning: Asking to add empty feature to latin font (Language="Brazilian" to langtag "") on input line 60.

(./_minted-main/8DBF47072497A6AF8EBD9BAEB1A54627BEBDD1D0F4AA7085BEAD66C8F6783572.pygtex

Package polyglossia Warning: Asking to add empty feature to latin font (Language="Brazilian" to langtag "") on input line 1.

)

Package polyglossia Warning: Asking to add empty feature to latin font (Language="Brazilian" to langtag "") on input line 62.


Package polyglossia Warning: Asking to add empty feature to latin font (Language="Brazilian" to langtag "") on input line 64.

\openout8 = `main.listing'.


Package polyglossia Warning: Asking to add empty feature to latin font (Language="Brazilian" to langtag "") on input line 84.

(./_minted-main/F47F481FE9C6100A8D5DDCC7263BB49EBEBDD1D0F4AA7085BEAD66C8F6783572.pygtex

Package polyglossia Warning: Asking to add empty feature to latin font (Language="Brazilian" to langtag "") on input line 1.

)

Package polyglossia Warning: Asking to add empty feature to latin font (Language="Brazilian" to langtag "") on input line 84.

[84]

Package polyglossia Warning: Asking to add empty feature to latin font (Language="Brazilian" to langtag "") on input line 86.


Package polyglossia Warning: Asking to add empty feature to latin font (Language="Brazilian" to langtag "") on input line 92.


Package polyglossia Warning: Asking to add empty feature to latin font (Language="Brazilian" to langtag "") on input line 93.


Package polyglossia Warning: Asking to add empty feature to latin font (Language="Brazilian" to langtag "") on input line 94.


Package polyglossia Warning: Asking to add empty feature to latin font (Language="Brazilian" to langtag "") on input line 95.


Package polyglossia Warning: Asking to add empty feature to latin font (Language="Brazilian" to langtag "") on input line 96.


Package polyglossia Warning: Asking to add empty feature to latin font (Language="Brazilian" to langtag "") on input line 99.


Package polyglossia Warning: Asking to add empty feature to latin font (Language="Brazilian" to langtag "") on input line 102.

\openout8 = `main.listing'.


Package polyglossia Warning: Asking to add empty feature to latin font (Language="Brazilian" to langtag "") on input line 111.

(./_minted-main/8A2B6049588BBAA2C577A8F196B2E335D8E0493FE5C606A86E94D8F5A4ADE7E0.pygtex

Package polyglossia Warning: Asking to add empty feature to latin font (Language="Brazilian" to langtag "") on input line 1.

)

Package polyglossia Warning: Asking to add empty feature to latin font (Language="Brazilian" to langtag "") on input line 114.


Package polyglossia Warning: Asking to add empty feature to latin font (Language="Brazilian" to langtag "") on input line 114.


Package polyglossia Warning: Asking to add empty feature to latin font (Language="Brazilian" to langtag "") on input line 114.


Package polyglossia Warning: Asking to add empty feature to latin font (Language="Brazilian" to langtag "") on input line 119.

[85]) (./capitulos/19-interrupcoes-temporizacao.tex

Package polyglossia Warning: Asking to add empty feature to latin font (Language="Brazilian" to langtag "") on input line 1.

[86]
Capítulo 19.

Package polyglossia Warning: Asking to add empty feature to latin font (Language="Brazilian" to langtag "") on input line 1.


Package polyglossia Warning: Asking to add empty feature to latin font (Language="Brazilian" to langtag "") on input line 6.


Underfull \hbox (badness 1838) in paragraph at lines 8--9
\TU/FiraSans(0)/m/n/10.95 Uma \TU/FiraSans(0)/b/n/10.95 interrupção \TU/FiraSans(0)/m/n/10.95 é um mecanismo de hardware que pausa imediatamente o que o
 []


Package polyglossia Warning: Asking to add empty feature to latin font (Language="Brazilian" to langtag "") on input line 11.


Package polyglossia Warning: Asking to add empty feature to latin font (Language="Brazilian" to langtag "") on input line 11.


Package polyglossia Warning: Asking to add empty feature to latin font (Language="Brazilian" to langtag "") on input line 11.


Package polyglossia Warning: Asking to add empty feature to latin font (Language="Brazilian" to langtag "") on input line 14.


Package polyglossia Warning: Asking to add empty feature to latin font (Language="Brazilian" to langtag "") on input line 14.


Package hyperref Warning: Token not allowed in a PDF string (Unicode):
(hyperref)                removing `\@ifnextchar' on input line 14.

\openout8 = `main.listing'.


Package polyglossia Warning: Asking to add empty feature to latin font (Language="Brazilian" to langtag "") on input line 41.

(./_minted-main/12562C182D79FB990E51CDA1A0F970D8BEBDD1D0F4AA7085BEAD66C8F6783572.pygtex

Package polyglossia Warning: Asking to add empty feature to latin font (Language="Brazilian" to langtag "") on input line 1.

)

Package polyglossia Warning: Asking to add empty feature to latin font (Language="Brazilian" to langtag "") on input line 41.

[87

]

Package polyglossia Warning: Asking to add empty feature to latin font (Language="Brazilian" to langtag "") on input line 44.


Package polyglossia Warning: Asking to add empty feature to latin font (Language="Brazilian" to langtag "") on input line 44.


Package polyglossia Warning: Asking to add empty feature to latin font (Language="Brazilian" to langtag "") on input line 44.


Package polyglossia Warning: Asking to add empty feature to latin font (Language="Brazilian" to langtag "") on input line 44.


Package polyglossia Warning: Asking to add empty feature to latin font (Language="Brazilian" to langtag "") on input line 45.


Package polyglossia Warning: Asking to add empty feature to latin font (Language="Brazilian" to langtag "") on input line 45.


Package polyglossia Warning: Asking to add empty feature to latin font (Language="Brazilian" to langtag "") on input line 45.


Package polyglossia Warning: Asking to add empty feature to latin font (Language="Brazilian" to langtag "") on input line 45.


Package polyglossia Warning: Asking to add empty feature to latin font (Language="Brazilian" to langtag "") on input line 46.


Package polyglossia Warning: Asking to add empty feature to latin font (Language="Brazilian" to langtag "") on input line 46.


Package polyglossia Warning: Asking to add empty feature to latin font (Language="Brazilian" to langtag "") on input line 47.


Package polyglossia Warning: Asking to add empty feature to latin font (Language="Brazilian" to langtag "") on input line 47.


Package polyglossia Warning: Asking to add empty feature to latin font (Language="Brazilian" to langtag "") on input line 47.


Package polyglossia Warning: Asking to add empty feature to latin font (Language="Brazilian" to langtag "") on input line 47.


Package polyglossia Warning: Asking to add empty feature to latin font (Language="Brazilian" to langtag "") on input line 51.


Package polyglossia Warning: Asking to add empty feature to latin font (Language="Brazilian" to langtag "") on input line 51.


Package polyglossia Warning: Asking to add empty feature to latin font (Language="Brazilian" to langtag "") on input line 54.


Package polyglossia Warning: Asking to add empty feature to latin font (Language="Brazilian" to langtag "") on input line 54.


Package hyperref Warning: Token not allowed in a PDF string (Unicode):
(hyperref)                removing `\@ifnextchar' on input line 54.


Package polyglossia Warning: Asking to add empty feature to latin font (Language="Brazilian" to langtag "") on input line 56.


Package polyglossia Warning: Asking to add empty feature to latin font (Language="Brazilian" to langtag "") on input line 56.


Package polyglossia Warning: Asking to add empty feature to latin font (Language="Brazilian" to langtag "") on input line 56.


Package polyglossia Warning: Asking to add empty feature to latin font (Language="Brazilian" to langtag "") on input line 56.

\openout8 = `main.listing'.


Package polyglossia Warning: Asking to add empty feature to latin font (Language="Brazilian" to langtag "") on input line 81.

(./_minted-main/0148ECF8C8E58A8C0265480E686A9D49BEBDD1D0F4AA7085BEAD66C8F6783572.pygtex

Package polyglossia Warning: Asking to add empty feature to latin font (Language="Brazilian" to langtag "") on input line 1.

)

Package polyglossia Warning: Asking to add empty feature to latin font (Language="Brazilian" to langtag "") on input line 81.

[88]

Package polyglossia Warning: Asking to add empty feature to latin font (Language="Brazilian" to langtag "") on input line 83.


Package polyglossia Warning: Asking to add empty feature to latin font (Language="Brazilian" to langtag "") on input line 83.


Package polyglossia Warning: Asking to add empty feature to latin font (Language="Brazilian" to langtag "") on input line 86.


Package polyglossia Warning: Asking to add empty feature to latin font (Language="Brazilian" to langtag "") on input line 89.


Package polyglossia Warning: Asking to add empty feature to latin font (Language="Brazilian" to langtag "") on input line 92.


Underfull \hbox (badness 1014) in paragraph at lines 92--93
\TU/FiraSans(0)/m/n/10.95 satisfazer sua condição de saída, ou um bug qualquer pode prender a execução em
 []


Package polyglossia Warning: Asking to add empty feature to latin font (Language="Brazilian" to langtag "") on input line 95.

[89]
\openout8 = `main.listing'.



Package polyglossia Warning: Asking to add empty feature to latin font (Language="Brazilian" to langtag "") on input line 126.

(./_minted-main/6C17896C33F246A75D3F3E4E860C3B9ABEBDD1D0F4AA7085BEAD66C8F6783572.pygtex

Package polyglossia Warning: Asking to add empty feature to latin font (Language="Brazilian" to langtag "") on input line 1.

)

Package polyglossia Warning: Asking to add empty feature to latin font (Language="Brazilian" to langtag "") on input line 129.


Package polyglossia Warning: Asking to add empty feature to latin font (Language="Brazilian" to langtag "") on input line 129.


Package polyglossia Warning: Asking to add empty feature to latin font (Language="Brazilian" to langtag "") on input line 129.


Package polyglossia Warning: Asking to add empty feature to latin font (Language="Brazilian" to langtag "") on input line 129.


Package polyglossia Warning: Asking to add empty feature to latin font (Language="Brazilian" to langtag "") on input line 129.


Package polyglossia Warning: Asking to add empty feature to latin font (Language="Brazilian" to langtag "") on input line 133.


Underfull \vbox (badness 10000) has occurred while \output is active []



Package polyglossia Warning: Asking to add empty feature to latin font (Language="Brazilian" to langtag "") on input line 134.

[90]

Package polyglossia Warning: Asking to add empty feature to latin font (Language="Brazilian" to langtag "") on input line 136.

) (./capitulos/20-gerenciamento-energia.tex
Underfull \hbox (badness 1205) in paragraph at lines 136--1
[]\TU/FiraSans(0)/m/n/10.95 Com botões tratados por interrupção, tarefas periódicas tratadas por []\TU/FiraMono(0)/m/n/10.95 millis()[]\TU/FiraSans(0)/m/n/10.95 , e
 []


Package polyglossia Warning: Asking to add empty feature to latin font (Language="Brazilian" to langtag "") on input line 1.

[91]

Package polyglossia Warning: Asking to add empty feature to latin font (Language="Brazilian" to langtag "") on input line 1.

[92

]
Capítulo 20.

Package polyglossia Warning: Asking to add empty feature to latin font (Language="Brazilian" to langtag "") on input line 1.


Package polyglossia Warning: Asking to add empty feature to latin font (Language="Brazilian" to langtag "") on input line 6.


Package polyglossia Warning: Asking to add empty feature to latin font (Language="Brazilian" to langtag "") on input line 8.


Package polyglossia Warning: Asking to add empty feature to latin font (Language="Brazilian" to langtag "") on input line 10.


Package polyglossia Warning: Asking to add empty feature to latin font (Language="Brazilian" to langtag "") on input line 14.


Underfull \hbox (badness 10000) in paragraph at lines 25--25
[]|\TU/FiraSans(0)/m/n/10.95 processador, memória (rádio
 []


Underfull \hbox (badness 10000) in paragraph at lines 25--25
[]|\TU/FiraSans(0)/m/n/10.95 memória RAM, periféricos
 []


Package polyglossia Warning: Asking to add empty feature to latin font (Language="Brazilian" to langtag "") on input line 26.


Package polyglossia Warning: Asking to add empty feature to latin font (Language="Brazilian" to langtag "") on input line 30.


Package polyglossia Warning: Asking to add empty feature to latin font (Language="Brazilian" to langtag "") on input line 30.


Package polyglossia Warning: Asking to add empty feature to latin font (Language="Brazilian" to langtag "") on input line 31.

[93]

Package polyglossia Warning: Asking to add empty feature to latin font (Language="Brazilian" to langtag "") on input line 31.


Package polyglossia Warning: Asking to add empty feature to latin font (Language="Brazilian" to langtag "") on input line 31.


Package polyglossia Warning: Asking to add empty feature to latin font (Language="Brazilian" to langtag "") on input line 36.

\openout8 = `main.listing'.


Package polyglossia Warning: Asking to add empty feature to latin font (Language="Brazilian" to langtag "") on input line 69.

(./_minted-main/352182254AD71DE83EE5EFFEF5B98BA8BEBDD1D0F4AA7085BEAD66C8F6783572.pygtex

Package polyglossia Warning: Asking to add empty feature to latin font (Language="Brazilian" to langtag "") on input line 1.

)

Package polyglossia Warning: Asking to add empty feature to latin font (Language="Brazilian" to langtag "") on input line 72.


Package polyglossia Warning: Asking to add empty feature to latin font (Language="Brazilian" to langtag "") on input line 72.


Package polyglossia Warning: Asking to add empty feature to latin font (Language="Brazilian" to langtag "") on input line 72.


Package polyglossia Warning: Asking to add empty feature to latin font (Language="Brazilian" to langtag "") on input line 72.


Package polyglossia Warning: Asking to add empty feature to latin font (Language="Brazilian" to langtag "") on input line 72.


Package polyglossia Warning: Asking to add empty feature to latin font (Language="Brazilian" to langtag "") on input line 72.


Underfull \hbox (badness 3657) in paragraph at lines 72--73
[]\TU/FiraSans(0)/m/n/10.95 Ao contrário de []\TU/FiraMono(0)/m/n/10.95 attachInterrupt()[]\TU/FiraSans(0)/m/n/10.95 , que aceita bordas de subida ou descida
 []


Underfull \hbox (badness 1077) in paragraph at lines 72--73
\TU/FiraSans(0)/m/it/10.95 up \TU/FiraSans(0)/m/n/10.95 (nível baixo quando pressionado, como configurado ao longo desta apostila),
 []


Package polyglossia Warning: Asking to add empty feature to latin font (Language="Brazilian" to langtag "") on input line 73.

[94]

Package polyglossia Warning: Asking to add empty feature to latin font (Language="Brazilian" to langtag "") on input line 75.


Package polyglossia Warning: Asking to add empty feature to latin font (Language="Brazilian" to langtag "") on input line 75.


Package polyglossia Warning: Asking to add empty feature to latin font (Language="Brazilian" to langtag "") on input line 78.


Package polyglossia Warning: Asking to add empty feature to latin font (Language="Brazilian" to langtag "") on input line 78.


Package polyglossia Warning: Asking to add empty feature to latin font (Language="Brazilian" to langtag "") on input line 81.


Package polyglossia Warning: Asking to add empty feature to latin font (Language="Brazilian" to langtag "") on input line 83.

\openout8 = `main.listing'.


Package polyglossia Warning: Asking to add empty feature to latin font (Language="Brazilian" to langtag "") on input line 95.

(./_minted-main/D1A1AF2BEC54866872C3C01AE488D163BEBDD1D0F4AA7085BEAD66C8F6783572.pygtex

Package polyglossia Warning: Asking to add empty feature to latin font (Language="Brazilian" to langtag "") on input line 1.

)

Package polyglossia Warning: Asking to add empty feature to latin font (Language="Brazilian" to langtag "") on input line 97.


Package polyglossia Warning: Asking to add empty feature to latin font (Language="Brazilian" to langtag "") on input line 100.

[95]
\openout8 = `main.listing'.



Package polyglossia Warning: Asking to add empty feature to latin font (Language="Brazilian" to langtag "") on input line 130.

(./_minted-main/43B450820F4871B11E2995EF292EC4EDBEBDD1D0F4AA7085BEAD66C8F6783572.pygtex

Package polyglossia Warning: Asking to add empty feature to latin font (Language="Brazilian" to langtag "") on input line 1.

)

Package polyglossia Warning: Asking to add empty feature to latin font (Language="Brazilian" to langtag "") on input line 133.


Package polyglossia Warning: Asking to add empty feature to latin font (Language="Brazilian" to langtag "") on input line 137.


Package polyglossia Warning: Asking to add empty feature to latin font (Language="Brazilian" to langtag "") on input line 137.


Package polyglossia Warning: Asking to add empty feature to latin font (Language="Brazilian" to langtag "") on input line 137.


Underfull \vbox (badness 2318) has occurred while \output is active []



Package polyglossia Warning: Asking to add empty feature to latin font (Language="Brazilian" to langtag "") on input line 138.

[96]

Package polyglossia Warning: Asking to add empty feature to latin font (Language="Brazilian" to langtag "") on input line 140.


Package polyglossia Warning: Asking to add empty feature to latin font (Language="Brazilian" to langtag "") on input line 142.


Package polyglossia Warning: Asking to add empty feature to latin font (Language="Brazilian" to langtag "") on input line 153.


Package polyglossia Warning: Asking to add empty feature to latin font (Language="Brazilian" to langtag "") on input line 153.


Underfull \hbox (badness 10000) in paragraph at lines 153--153
[]|\TU/FiraSans(0)/m/n/10.95 continua após
 []


Package polyglossia Warning: Asking to add empty feature to latin font (Language="Brazilian" to langtag "") on input line 154.

) (./capitulos/21-comunicacao-wifi.tex

Package polyglossia Warning: Asking to add empty feature to latin font (Language="Brazilian" to langtag "") on input line 1.

[97]

Package polyglossia Warning: Asking to add empty feature to latin font (Language="Brazilian" to langtag "") on input line 1.

[98

]
Capítulo 21.

Package polyglossia Warning: Asking to add empty feature to latin font (Language="Brazilian" to langtag "") on input line 1.


Package polyglossia Warning: Asking to add empty feature to latin font (Language="Brazilian" to langtag "") on input line 4.


Package polyglossia Warning: Asking to add empty feature to latin font (Language="Brazilian" to langtag "") on input line 6.

\openout8 = `main.listing'.


Package polyglossia Warning: Asking to add empty feature to latin font (Language="Brazilian" to langtag "") on input line 33.

(./_minted-main/5944CF17172B7A8F0B57AF769EFB93B7BEBDD1D0F4AA7085BEAD66C8F6783572.pygtex

Package polyglossia Warning: Asking to add empty feature to latin font (Language="Brazilian" to langtag "") on input line 1.

)

Package polyglossia Warning: Asking to add empty feature to latin font (Language="Brazilian" to langtag "") on input line 35.


Package polyglossia Warning: Asking to add empty feature to latin font (Language="Brazilian" to langtag "") on input line 35.


Package polyglossia Warning: Asking to add empty feature to latin font (Language="Brazilian" to langtag "") on input line 35.


Package polyglossia Warning: Asking to add empty feature to latin font (Language="Brazilian" to langtag "") on input line 35.


Underfull \hbox (badness 4156) in paragraph at lines 35--36
[][]\TU/FiraMono(0)/m/n/10.95 WiFi.begin(ssid, senha)[] \TU/FiraSans(0)/m/n/10.95 inicia a conexão de forma assíncrona; []\TU/FiraMono(0)/m/n/10.95 WiFi.status()[]
 []


Package polyglossia Warning: Asking to add empty feature to latin font (Language="Brazilian" to langtag "") on input line 38.


Package polyglossia Warning: Asking to add empty feature to latin font (Language="Brazilian" to langtag "") on input line 38.


Package polyglossia Warning: Asking to add empty feature to latin font (Language="Brazilian" to langtag "") on input line 38.


Underfull \vbox (badness 1552) has occurred while \output is active []



Package polyglossia Warning: Asking to add empty feature to latin font (Language="Brazilian" to langtag "") on input line 39.

[99]

Package polyglossia Warning: Asking to add empty feature to latin font (Language="Brazilian" to langtag "") on input line 41.


Package polyglossia Warning: Asking to add empty feature to latin font (Language="Brazilian" to langtag "") on input line 43.

\openout8 = `main.listing'.


Package polyglossia Warning: Asking to add empty feature to latin font (Language="Brazilian" to langtag "") on input line 69.

(./_minted-main/6C73F1C168542100E6EF332C0B9C3362BEBDD1D0F4AA7085BEAD66C8F6783572.pygtex

Package polyglossia Warning: Asking to add empty feature to latin font (Language="Brazilian" to langtag "") on input line 1.

)

Package polyglossia Warning: Asking to add empty feature to latin font (Language="Brazilian" to langtag "") on input line 72.


Package polyglossia Warning: Asking to add empty feature to latin font (Language="Brazilian" to langtag "") on input line 72.


Package polyglossia Warning: Asking to add empty feature to latin font (Language="Brazilian" to langtag "") on input line 72.


Package polyglossia Warning: Asking to add empty feature to latin font (Language="Brazilian" to langtag "") on input line 72.


Package polyglossia Warning: Asking to add empty feature to latin font (Language="Brazilian" to langtag "") on input line 72.


Package polyglossia Warning: Asking to add empty feature to latin font (Language="Brazilian" to langtag "") on input line 75.


Package polyglossia Warning: Asking to add empty feature to latin font (Language="Brazilian" to langtag "") on input line 75.


Package polyglossia Warning: Asking to add empty feature to latin font (Language="Brazilian" to langtag "") on input line 75.


Package polyglossia Warning: Asking to add empty feature to latin font (Language="Brazilian" to langtag "") on input line 75.


Package polyglossia Warning: Asking to add empty feature to latin font (Language="Brazilian" to langtag "") on input line 76.

[100]

Package polyglossia Warning: Asking to add empty feature to latin font (Language="Brazilian" to langtag "") on input line 77.


Package polyglossia Warning: Asking to add empty feature to latin font (Language="Brazilian" to langtag "") on input line 79.


Package polyglossia Warning: Asking to add empty feature to latin font (Language="Brazilian" to langtag "") on input line 79.

\openout8 = `main.listing'.


Package polyglossia Warning: Asking to add empty feature to latin font (Language="Brazilian" to langtag "") on input line 97.

(./_minted-main/189FAC6F0F20BA4C0EB6F93AA7710962BEBDD1D0F4AA7085BEAD66C8F6783572.pygtex

Package polyglossia Warning: Asking to add empty feature to latin font (Language="Brazilian" to langtag "") on input line 1.

)

Package polyglossia Warning: Asking to add empty feature to latin font (Language="Brazilian" to langtag "") on input line 99.


Package polyglossia Warning: Asking to add empty feature to latin font (Language="Brazilian" to langtag "") on input line 99.


Package polyglossia Warning: Asking to add empty feature to latin font (Language="Brazilian" to langtag "") on input line 101.


Package polyglossia Warning: Asking to add empty feature to latin font (Language="Brazilian" to langtag "") on input line 103.


Package polyglossia Warning: Asking to add empty feature to latin font (Language="Brazilian" to langtag "") on input line 107.

[101]) (./capitulos/22-atualizacoes-ota.tex

Package polyglossia Warning: Asking to add empty feature to latin font (Language="Brazilian" to langtag "") on input line 1.

[102]
Capítulo 22.

Package polyglossia Warning: Asking to add empty feature to latin font (Language="Brazilian" to langtag "") on input line 1.


Package polyglossia Warning: Asking to add empty feature to latin font (Language="Brazilian" to langtag "") on input line 6.


Package polyglossia Warning: Asking to add empty feature to latin font (Language="Brazilian" to langtag "") on input line 8.

\openout8 = `main.listing'.


Package polyglossia Warning: Asking to add empty feature to latin font (Language="Brazilian" to langtag "") on input line 37.

(./_minted-main/57ED1D7B2026AB8B15959B148DC012D7BEBDD1D0F4AA7085BEAD66C8F6783572.pygtex

Package polyglossia Warning: Asking to add empty feature to latin font (Language="Brazilian" to langtag "") on input line 1.

)

Package polyglossia Warning: Asking to add empty feature to latin font (Language="Brazilian" to langtag "") on input line 39.


Package polyglossia Warning: Asking to add empty feature to latin font (Language="Brazilian" to langtag "") on input line 39.


Package polyglossia Warning: Asking to add empty feature to latin font (Language="Brazilian" to langtag "") on input line 39.


Package polyglossia Warning: Asking to add empty feature to latin font (Language="Brazilian" to langtag "") on input line 39.


Package polyglossia Warning: Asking to add empty feature to latin font (Language="Brazilian" to langtag "") on input line 39.


Package polyglossia Warning: Asking to add empty feature to latin font (Language="Brazilian" to langtag "") on input line 40.

[103

]

Package polyglossia Warning: Asking to add empty feature to latin font (Language="Brazilian" to langtag "") on input line 41.


Package polyglossia Warning: Asking to add empty feature to latin font (Language="Brazilian" to langtag "") on input line 43.


Package polyglossia Warning: Asking to add empty feature to latin font (Language="Brazilian" to langtag "") on input line 43.

\openout8 = `main.listing'.


Package polyglossia Warning: Asking to add empty feature to latin font (Language="Brazilian" to langtag "") on input line 54.

(./_minted-main/7D5E85E8F260C36BE6181AF7E96A1A15D8E0493FE5C606A86E94D8F5A4ADE7E0.pygtex

Package polyglossia Warning: Asking to add empty feature to latin font (Language="Brazilian" to langtag "") on input line 1.

)

Package polyglossia Warning: Asking to add empty feature to latin font (Language="Brazilian" to langtag "") on input line 58.


Package polyglossia Warning: Asking to add empty feature to latin font (Language="Brazilian" to langtag "") on input line 60.

\openout8 = `main.listing'.


Package polyglossia Warning: Asking to add empty feature to latin font (Language="Brazilian" to langtag "") on input line 66.

(./_minted-main/5E5C8862D3371CD22D567879976D7DDDBEBDD1D0F4AA7085BEAD66C8F6783572.pygtex

Package polyglossia Warning: Asking to add empty feature to latin font (Language="Brazilian" to langtag "") on input line 1.

)

Package polyglossia Warning: Asking to add empty feature to latin font (Language="Brazilian" to langtag "") on input line 69.

) (./capitulos/23-projeto-final.tex
Overfull \hbox (6.93909pt too wide) in paragraph at lines 72--1
[]\TU/FiraSans(0)/m/n/10.95 Com GPIO, ADC, comunicação serial, interrupções, gerenciamento de energia, conectividade
 []


Underfull \hbox (badness 1360) in paragraph at lines 72--1
\TU/FiraSans(0)/m/n/10.95 Wi-Fi e atualizações OTA todos apresentados, o último capítulo desta apostila reúne
 []


Package polyglossia Warning: Asking to add empty feature to latin font (Language="Brazilian" to langtag "") on input line 1.


Package fancyhdr Warning: \headheight is too small (12.0pt): 
(fancyhdr)                Make it at least 12.05003pt, for example:
(fancyhdr)                \setlength{\headheight}{12.05003pt}.
(fancyhdr)                You might also make \topmargin smaller to compensate:
(fancyhdr)                \addtolength{\topmargin}{-0.05003pt}.

[104]

Package polyglossia Warning: Asking to add empty feature to latin font (Language="Brazilian" to langtag "") on input line 1.

[105]

Package polyglossia Warning: Asking to add empty feature to latin font (Language="Brazilian" to langtag "") on input line 1.

[106

]
Capítulo 23.

Package polyglossia Warning: Asking to add empty feature to latin font (Language="Brazilian" to langtag "") on input line 1.


Package polyglossia Warning: Asking to add empty feature to latin font (Language="Brazilian" to langtag "") on input line 4.


Package polyglossia Warning: Asking to add empty feature to latin font (Language="Brazilian" to langtag "") on input line 4.


Package polyglossia Warning: Asking to add empty feature to latin font (Language="Brazilian" to langtag "") on input line 6.


Package polyglossia Warning: Asking to add empty feature to latin font (Language="Brazilian" to langtag "") on input line 8.


Package polyglossia Warning: Asking to add empty feature to latin font (Language="Brazilian" to langtag "") on input line 14.


Package polyglossia Warning: Asking to add empty feature to latin font (Language="Brazilian" to langtag "") on input line 17.


Package polyglossia Warning: Asking to add empty feature to latin font (Language="Brazilian" to langtag "") on input line 18.


Package polyglossia Warning: Asking to add empty feature to latin font (Language="Brazilian" to langtag "") on input line 19.


Package polyglossia Warning: Asking to add empty feature to latin font (Language="Brazilian" to langtag "") on input line 20.


Package polyglossia Warning: Asking to add empty feature to latin font (Language="Brazilian" to langtag "") on input line 21.


Package polyglossia Warning: Asking to add empty feature to latin font (Language="Brazilian" to langtag "") on input line 24.


Package polyglossia Warning: Asking to add empty feature to latin font (Language="Brazilian" to langtag "") on input line 27.


Package polyglossia Warning: Asking to add empty feature to latin font (Language="Brazilian" to langtag "") on input line 28.


Package polyglossia Warning: Asking to add empty feature to latin font (Language="Brazilian" to langtag "") on input line 29.

[107]

Package polyglossia Warning: Asking to add empty feature to latin font (Language="Brazilian" to langtag "") on input line 29.


Package polyglossia Warning: Asking to add empty feature to latin font (Language="Brazilian" to langtag "") on input line 32.

\openout8 = `main.listing'.


Package polyglossia Warning: Asking to add empty feature to latin font (Language="Brazilian" to langtag "") on input line 48.

(./_minted-main/DD9894B51F7E90C8466978B3DAECF129BEBDD1D0F4AA7085BEAD66C8F6783572.pygtex

Package polyglossia Warning: Asking to add empty feature to latin font (Language="Brazilian" to langtag "") on input line 1.

)

Package polyglossia Warning: Asking to add empty feature to latin font (Language="Brazilian" to langtag "") on input line 50.


Package polyglossia Warning: Asking to add empty feature to latin font (Language="Brazilian" to langtag "") on input line 52.

\openout8 = `main.listing'.


Package polyglossia Warning: Asking to add empty feature to latin font (Language="Brazilian" to langtag "") on input line 257.

(./_minted-main/6FE542A39FDC2E1F22982BE64CE4D84BBEBDD1D0F4AA7085BEAD66C8F6783572.pygtex

Package polyglossia Warning: Asking to add empty feature to latin font (Language="Brazilian" to langtag "") on input line 1.

)

Package polyglossia Warning: Asking to add empty feature to latin font (Language="Brazilian" to langtag "") on input line 257.

[108]

Package polyglossia Warning: Asking to add empty feature to latin font (Language="Brazilian" to langtag "") on input line 257.

[109]

Package polyglossia Warning: Asking to add empty feature to latin font (Language="Brazilian" to langtag "") on input line 257.

[110]

Package polyglossia Warning: Asking to add empty feature to latin font (Language="Brazilian" to langtag "") on input line 257.

[111]

Package polyglossia Warning: Asking to add empty feature to latin font (Language="Brazilian" to langtag "") on input line 259.


Package polyglossia Warning: Asking to add empty feature to latin font (Language="Brazilian" to langtag "") on input line 262.


Package polyglossia Warning: Asking to add empty feature to latin font (Language="Brazilian" to langtag "") on input line 262.


Package polyglossia Warning: Asking to add empty feature to latin font (Language="Brazilian" to langtag "") on input line 262.


Package polyglossia Warning: Asking to add empty feature to latin font (Language="Brazilian" to langtag "") on input line 263.


Package polyglossia Warning: Asking to add empty feature to latin font (Language="Brazilian" to langtag "") on input line 263.


Package polyglossia Warning: Asking to add empty feature to latin font (Language="Brazilian" to langtag "") on input line 264.


Package polyglossia Warning: Asking to add empty feature to latin font (Language="Brazilian" to langtag "") on input line 265.


Package polyglossia Warning: Asking to add empty feature to latin font (Language="Brazilian" to langtag "") on input line 265.


Package polyglossia Warning: Asking to add empty feature to latin font (Language="Brazilian" to langtag "") on input line 266.


Package polyglossia Warning: Asking to add empty feature to latin font (Language="Brazilian" to langtag "") on input line 266.


Package polyglossia Warning: Asking to add empty feature to latin font (Language="Brazilian" to langtag "") on input line 266.


Package polyglossia Warning: Asking to add empty feature to latin font (Language="Brazilian" to langtag "") on input line 267.


Package polyglossia Warning: Asking to add empty feature to latin font (Language="Brazilian" to langtag "") on input line 267.


Package polyglossia Warning: Asking to add empty feature to latin font (Language="Brazilian" to langtag "") on input line 267.


Package polyglossia Warning: Asking to add empty feature to latin font (Language="Brazilian" to langtag "") on input line 268.


Package polyglossia Warning: Asking to add empty feature to latin font (Language="Brazilian" to langtag "") on input line 268.


Package polyglossia Warning: Asking to add empty feature to latin font (Language="Brazilian" to langtag "") on input line 268.


Package polyglossia Warning: Asking to add empty feature to latin font (Language="Brazilian" to langtag "") on input line 269.

[112]

Package polyglossia Warning: Asking to add empty feature to latin font (Language="Brazilian" to langtag "") on input line 269.


Package polyglossia Warning: Asking to add empty feature to latin font (Language="Brazilian" to langtag "") on input line 269.


Package polyglossia Warning: Asking to add empty feature to latin font (Language="Brazilian" to langtag "") on input line 270.


Package polyglossia Warning: Asking to add empty feature to latin font (Language="Brazilian" to langtag "") on input line 273.


Package polyglossia Warning: Asking to add empty feature to latin font (Language="Brazilian" to langtag "") on input line 277.


Package polyglossia Warning: Asking to add empty feature to latin font (Language="Brazilian" to langtag "") on input line 277.


Package polyglossia Warning: Asking to add empty feature to latin font (Language="Brazilian" to langtag "") on input line 277.


Package polyglossia Warning: Asking to add empty feature to latin font (Language="Brazilian" to langtag "") on input line 279.


Underfull \hbox (badness 2503) in paragraph at lines 281--282
[]\TU/FiraSans(0)/m/n/10.95 Se, por outro lado, o objetivo fosse um sensor remoto alimentado por bateria
 []


Underfull \hbox (badness 2875) in paragraph at lines 281--282
\TU/FiraSans(0)/m/it/10.95 sem \TU/FiraSans(0)/m/n/10.95 necessidade de resposta imediata a um botão físico nem de manter o Wi-Fi
 []


Package polyglossia Warning: Asking to add empty feature to latin font (Language="Brazilian" to langtag "") on input line 283.


Package polyglossia Warning: Asking to add empty feature to latin font (Language="Brazilian" to langtag "") on input line 288.

[113]

Package polyglossia Warning: Asking to add empty feature to latin font (Language="Brazilian" to langtag "") on input line 288.


Package polyglossia Warning: Asking to add empty feature to latin font (Language="Brazilian" to langtag "") on input line 288.


Package polyglossia Warning: Asking to add empty feature to latin font (Language="Brazilian" to langtag "") on input line 289.


Package polyglossia Warning: Asking to add empty feature to latin font (Language="Brazilian" to langtag "") on input line 289.


Package polyglossia Warning: Asking to add empty feature to latin font (Language="Brazilian" to langtag "") on input line 289.


Underfull \hbox (badness 1052) in paragraph at lines 289--290
[]\TU/FiraSans(0)/m/n/10.95 Salvar o []\TU/FiraMono(0)/m/n/10.95 modo[] \TU/FiraSans(0)/m/n/10.95 escolhido na memória flash (usando a biblioteca []\TU/FiraMono(0)/m/n/10.95 Preferences[] \TU/FiraSans(0)/m/n/10.95 do
 []


Package polyglossia Warning: Asking to add empty feature to latin font (Language="Brazilian" to langtag "") on input line 290.


Package polyglossia Warning: Asking to add empty feature to latin font (Language="Brazilian" to langtag "") on input line 291.


Package polyglossia Warning: Asking to add empty feature to latin font (Language="Brazilian" to langtag "") on input line 292.


Package polyglossia Warning: Asking to add empty feature to latin font (Language="Brazilian" to langtag "") on input line 293.


Package polyglossia Warning: Asking to add empty feature to latin font (Language="Brazilian" to langtag "") on input line 293.


Package polyglossia Warning: Asking to add empty feature to latin font (Language="Brazilian" to langtag "") on input line 293.

) (./capitulos/a1-tabela-ascii.tex

Package polyglossia Warning: Asking to add empty feature to latin font (Language="Brazilian" to langtag "") on input line 1.

[114]
Apêndice A.

Package polyglossia Warning: Asking to add empty feature to latin font (Language="Brazilian" to langtag "") on input line 1.


Package polyglossia Warning: Asking to add empty feature to latin font (Language="Brazilian" to langtag "") on input line 4.


Package polyglossia Warning: Asking to add empty feature to latin font (Language="Brazilian" to langtag "") on input line 4.


Package polyglossia Warning: Asking to add empty feature to latin font (Language="Brazilian" to langtag "") on input line 4.


Overfull \hbox (2.2048pt too wide) in paragraph at lines 4--5
\TU/FiraSans(0)/m/n/10.95 A tabela ASCII (\TU/FiraSans(0)/m/it/10.95 American Standard Code for Information Interchange\TU/FiraSans(0)/m/n/10.95 ) define a correspondência
 []


Package polyglossia Warning: Asking to add empty feature to latin font (Language="Brazilian" to langtag "") on input line 6.


Package polyglossia Warning: Asking to add empty feature to latin font (Language="Brazilian" to langtag "") on input line 38.


Package polyglossia Warning: Asking to add empty feature to latin font (Language="Brazilian" to langtag "") on input line 41.


Package polyglossia Warning: Asking to add empty feature to latin font (Language="Brazilian" to langtag "") on input line 47.


Package polyglossia Warning: Asking to add empty feature to latin font (Language="Brazilian" to langtag "") on input line 48.


Package polyglossia Warning: Asking to add empty feature to latin font (Language="Brazilian" to langtag "") on input line 49.


Package polyglossia Warning: Asking to add empty feature to latin font (Language="Brazilian" to langtag "") on input line 50.


Package polyglossia Warning: Asking to add empty feature to latin font (Language="Brazilian" to langtag "") on input line 51.


Package polyglossia Warning: Asking to add empty feature to latin font (Language="Brazilian" to langtag "") on input line 52.


Package polyglossia Warning: Asking to add empty feature to latin font (Language="Brazilian" to langtag "") on input line 56.


LaTeX Warning: `h' float specifier changed to `ht'.


Package polyglossia Warning: Asking to add empty feature to latin font (Language="Brazilian" to langtag "") on input line 60.


Package polyglossia Warning: Asking to add empty feature to latin font (Language="Brazilian" to langtag "") on input line 60.


Package polyglossia Warning: Asking to add empty feature to latin font (Language="Brazilian" to langtag "") on input line 60.


Package polyglossia Warning: Asking to add empty feature to latin font (Language="Brazilian" to langtag "") on input line 60.


Underfull \hbox (badness 4328) in paragraph at lines 60--61
[]\TU/FiraSans(0)/m/n/10.95 Como todo caractere é internamente um número, é possível fazer aritmética
 []


Underfull \vbox (badness 10000) has occurred while \output is active []



Package polyglossia Warning: Asking to add empty feature to latin font (Language="Brazilian" to langtag "") on input line 61.

[115

]) (./capitulos/a2-referencia-rapida.tex

Package polyglossia Warning: Asking to add empty feature to latin font (Language="Brazilian" to langtag "") on input line 1.

[116]
Apêndice B.

Package polyglossia Warning: Asking to add empty feature to latin font (Language="Brazilian" to langtag "") on input line 1.


Package polyglossia Warning: Asking to add empty feature to latin font (Language="Brazilian" to langtag "") on input line 6.


Package polyglossia Warning: Asking to add empty feature to latin font (Language="Brazilian" to langtag "") on input line 10.


Package polyglossia Warning: Asking to add empty feature to latin font (Language="Brazilian" to langtag "") on input line 16.


Package polyglossia Warning: Asking to add empty feature to latin font (Language="Brazilian" to langtag "") on input line 16.


Package polyglossia Warning: Asking to add empty feature to latin font (Language="Brazilian" to langtag "") on input line 16.


Package polyglossia Warning: Asking to add empty feature to latin font (Language="Brazilian" to langtag "") on input line 16.


Package polyglossia Warning: Asking to add empty feature to latin font (Language="Brazilian" to langtag "") on input line 17.


Package polyglossia Warning: Asking to add empty feature to latin font (Language="Brazilian" to langtag "") on input line 17.


Package polyglossia Warning: Asking to add empty feature to latin font (Language="Brazilian" to langtag "") on input line 17.


Package polyglossia Warning: Asking to add empty feature to latin font (Language="Brazilian" to langtag "") on input line 17.


Package polyglossia Warning: Asking to add empty feature to latin font (Language="Brazilian" to langtag "") on input line 17.


Package polyglossia Warning: Asking to add empty feature to latin font (Language="Brazilian" to langtag "") on input line 17.


Package polyglossia Warning: Asking to add empty feature to latin font (Language="Brazilian" to langtag "") on input line 17.


Package polyglossia Warning: Asking to add empty feature to latin font (Language="Brazilian" to langtag "") on input line 17.


Package polyglossia Warning: Asking to add empty feature to latin font (Language="Brazilian" to langtag "") on input line 18.


Package polyglossia Warning: Asking to add empty feature to latin font (Language="Brazilian" to langtag "") on input line 18.


Package polyglossia Warning: Asking to add empty feature to latin font (Language="Brazilian" to langtag "") on input line 18.


Package polyglossia Warning: Asking to add empty feature to latin font (Language="Brazilian" to langtag "") on input line 19.


Package polyglossia Warning: Asking to add empty feature to latin font (Language="Brazilian" to langtag "") on input line 19.


Package polyglossia Warning: Asking to add empty feature to latin font (Language="Brazilian" to langtag "") on input line 20.


Package polyglossia Warning: Asking to add empty feature to latin font (Language="Brazilian" to langtag "") on input line 20.


Package polyglossia Warning: Asking to add empty feature to latin font (Language="Brazilian" to langtag "") on input line 21.


Package polyglossia Warning: Asking to add empty feature to latin font (Language="Brazilian" to langtag "") on input line 21.


Package polyglossia Warning: Asking to add empty feature to latin font (Language="Brazilian" to langtag "") on input line 21.


Package polyglossia Warning: Asking to add empty feature to latin font (Language="Brazilian" to langtag "") on input line 21.


Package polyglossia Warning: Asking to add empty feature to latin font (Language="Brazilian" to langtag "") on input line 22.


Package polyglossia Warning: Asking to add empty feature to latin font (Language="Brazilian" to langtag "") on input line 22.


Package polyglossia Warning: Asking to add empty feature to latin font (Language="Brazilian" to langtag "") on input line 23.


Package polyglossia Warning: Asking to add empty feature to latin font (Language="Brazilian" to langtag "") on input line 24.


Package polyglossia Warning: Asking to add empty feature to latin font (Language="Brazilian" to langtag "") on input line 25.


Package polyglossia Warning: Asking to add empty feature to latin font (Language="Brazilian" to langtag "") on input line 26.


Package polyglossia Warning: Asking to add empty feature to latin font (Language="Brazilian" to langtag "") on input line 27.


Package polyglossia Warning: Asking to add empty feature to latin font (Language="Brazilian" to langtag "") on input line 28.


Package polyglossia Warning: Asking to add empty feature to latin font (Language="Brazilian" to langtag "") on input line 29.


Package polyglossia Warning: Asking to add empty feature to latin font (Language="Brazilian" to langtag "") on input line 29.


Package polyglossia Warning: Asking to add empty feature to latin font (Language="Brazilian" to langtag "") on input line 29.


Package polyglossia Warning: Asking to add empty feature to latin font (Language="Brazilian" to langtag "") on input line 29.


Package polyglossia Warning: Asking to add empty feature to latin font (Language="Brazilian" to langtag "") on input line 30.


Package polyglossia Warning: Asking to add empty feature to latin font (Language="Brazilian" to langtag "") on input line 33.


Package polyglossia Warning: Asking to add empty feature to latin font (Language="Brazilian" to langtag "") on input line 40.


Package polyglossia Warning: Asking to add empty feature to latin font (Language="Brazilian" to langtag "") on input line 40.


Package polyglossia Warning: Asking to add empty feature to latin font (Language="Brazilian" to langtag "") on input line 40.


Package hyperref Warning: Token not allowed in a PDF string (Unicode):
(hyperref)                removing `\@ifnextchar' on input line 40.


Package hyperref Warning: Token not allowed in a PDF string (Unicode):
(hyperref)                removing `\@ifnextchar' on input line 40.


Package polyglossia Warning: Asking to add empty feature to latin font (Language="Brazilian" to langtag "") on input line 42.


Package polyglossia Warning: Asking to add empty feature to latin font (Language="Brazilian" to langtag "") on input line 48.


Package polyglossia Warning: Asking to add empty feature to latin font (Language="Brazilian" to langtag "") on input line 48.


Package polyglossia Warning: Asking to add empty feature to latin font (Language="Brazilian" to langtag "") on input line 48.


Package polyglossia Warning: Asking to add empty feature to latin font (Language="Brazilian" to langtag "") on input line 49.


Package polyglossia Warning: Asking to add empty feature to latin font (Language="Brazilian" to langtag "") on input line 49.


Package polyglossia Warning: Asking to add empty feature to latin font (Language="Brazilian" to langtag "") on input line 50.


Package polyglossia Warning: Asking to add empty feature to latin font (Language="Brazilian" to langtag "") on input line 50.


Package polyglossia Warning: Asking to add empty feature to latin font (Language="Brazilian" to langtag "") on input line 50.


Package polyglossia Warning: Asking to add empty feature to latin font (Language="Brazilian" to langtag "") on input line 50.


Package polyglossia Warning: Asking to add empty feature to latin font (Language="Brazilian" to langtag "") on input line 51.


Package polyglossia Warning: Asking to add empty feature to latin font (Language="Brazilian" to langtag "") on input line 51.


Package polyglossia Warning: Asking to add empty feature to latin font (Language="Brazilian" to langtag "") on input line 51.


Package polyglossia Warning: Asking to add empty feature to latin font (Language="Brazilian" to langtag "") on input line 52.


Package polyglossia Warning: Asking to add empty feature to latin font (Language="Brazilian" to langtag "") on input line 53.


Package polyglossia Warning: Asking to add empty feature to latin font (Language="Brazilian" to langtag "") on input line 53.


Package polyglossia Warning: Asking to add empty feature to latin font (Language="Brazilian" to langtag "") on input line 54.


Package polyglossia Warning: Asking to add empty feature to latin font (Language="Brazilian" to langtag "") on input line 54.


Package polyglossia Warning: Asking to add empty feature to latin font (Language="Brazilian" to langtag "") on input line 55.


Package polyglossia Warning: Asking to add empty feature to latin font (Language="Brazilian" to langtag "") on input line 55.


Package polyglossia Warning: Asking to add empty feature to latin font (Language="Brazilian" to langtag "") on input line 56.


Package polyglossia Warning: Asking to add empty feature to latin font (Language="Brazilian" to langtag "") on input line 57.


Package polyglossia Warning: Asking to add empty feature to latin font (Language="Brazilian" to langtag "") on input line 58.


Package polyglossia Warning: Asking to add empty feature to latin font (Language="Brazilian" to langtag "") on input line 58.


Package polyglossia Warning: Asking to add empty feature to latin font (Language="Brazilian" to langtag "") on input line 58.


Package polyglossia Warning: Asking to add empty feature to latin font (Language="Brazilian" to langtag "") on input line 61.


Package polyglossia Warning: Asking to add empty feature to latin font (Language="Brazilian" to langtag "") on input line 62.

[117

]

Package polyglossia Warning: Asking to add empty feature to latin font (Language="Brazilian" to langtag "") on input line 64.


Package polyglossia Warning: Asking to add empty feature to latin font (Language="Brazilian" to langtag "") on input line 64.


Package hyperref Warning: Token not allowed in a PDF string (Unicode):
(hyperref)                removing `\@ifnextchar' on input line 64.


Package polyglossia Warning: Asking to add empty feature to latin font (Language="Brazilian" to langtag "") on input line 66.


Package polyglossia Warning: Asking to add empty feature to latin font (Language="Brazilian" to langtag "") on input line 72.


Package polyglossia Warning: Asking to add empty feature to latin font (Language="Brazilian" to langtag "") on input line 73.


Package polyglossia Warning: Asking to add empty feature to latin font (Language="Brazilian" to langtag "") on input line 74.


Package polyglossia Warning: Asking to add empty feature to latin font (Language="Brazilian" to langtag "") on input line 75.


Package polyglossia Warning: Asking to add empty feature to latin font (Language="Brazilian" to langtag "") on input line 76.


Package polyglossia Warning: Asking to add empty feature to latin font (Language="Brazilian" to langtag "") on input line 77.


Package polyglossia Warning: Asking to add empty feature to latin font (Language="Brazilian" to langtag "") on input line 80.


Package polyglossia Warning: Asking to add empty feature to latin font (Language="Brazilian" to langtag "") on input line 83.


Package polyglossia Warning: Asking to add empty feature to latin font (Language="Brazilian" to langtag "") on input line 85.


Package polyglossia Warning: Asking to add empty feature to latin font (Language="Brazilian" to langtag "") on input line 117.


Package polyglossia Warning: Asking to add empty feature to latin font (Language="Brazilian" to langtag "") on input line 117.


Package polyglossia Warning: Asking to add empty feature to latin font (Language="Brazilian" to langtag "") on input line 117.


Package polyglossia Warning: Asking to add empty feature to latin font (Language="Brazilian" to langtag "") on input line 117.


Package polyglossia Warning: Asking to add empty feature to latin font (Language="Brazilian" to langtag "") on input line 117.


Package polyglossia Warning: Asking to add empty feature to latin font (Language="Brazilian" to langtag "") on input line 117.


Package polyglossia Warning: Asking to add empty feature to latin font (Language="Brazilian" to langtag "") on input line 117.


Package polyglossia Warning: Asking to add empty feature to latin font (Language="Brazilian" to langtag "") on input line 117.


Package polyglossia Warning: Asking to add empty feature to latin font (Language="Brazilian" to langtag "") on input line 117.


Package polyglossia Warning: Asking to add empty feature to latin font (Language="Brazilian" to langtag "") on input line 117.


Package polyglossia Warning: Asking to add empty feature to latin font (Language="Brazilian" to langtag "") on input line 117.


Package polyglossia Warning: Asking to add empty feature to latin font (Language="Brazilian" to langtag "") on input line 117.


Package polyglossia Warning: Asking to add empty feature to latin font (Language="Brazilian" to langtag "") on input line 117.


Package polyglossia Warning: Asking to add empty feature to latin font (Language="Brazilian" to langtag "") on input line 117.


Package polyglossia Warning: Asking to add empty feature to latin font (Language="Brazilian" to langtag "") on input line 117.


Package polyglossia Warning: Asking to add empty feature to latin font (Language="Brazilian" to langtag "") on input line 117.


Package polyglossia Warning: Asking to add empty feature to latin font (Language="Brazilian" to langtag "") on input line 117.


Package polyglossia Warning: Asking to add empty feature to latin font (Language="Brazilian" to langtag "") on input line 117.


Package polyglossia Warning: Asking to add empty feature to latin font (Language="Brazilian" to langtag "") on input line 117.


Package polyglossia Warning: Asking to add empty feature to latin font (Language="Brazilian" to langtag "") on input line 117.


Package polyglossia Warning: Asking to add empty feature to latin font (Language="Brazilian" to langtag "") on input line 117.


Package polyglossia Warning: Asking to add empty feature to latin font (Language="Brazilian" to langtag "") on input line 117.


Package polyglossia Warning: Asking to add empty feature to latin font (Language="Brazilian" to langtag "") on input line 117.


Package polyglossia Warning: Asking to add empty feature to latin font (Language="Brazilian" to langtag "") on input line 117.


Package polyglossia Warning: Asking to add empty feature to latin font (Language="Brazilian" to langtag "") on input line 117.


Package polyglossia Warning: Asking to add empty feature to latin font (Language="Brazilian" to langtag "") on input line 117.


Package polyglossia Warning: Asking to add empty feature to latin font (Language="Brazilian" to langtag "") on input line 117.


Package polyglossia Warning: Asking to add empty feature to latin font (Language="Brazilian" to langtag "") on input line 117.


Package polyglossia Warning: Asking to add empty feature to latin font (Language="Brazilian" to langtag "") on input line 117.


Package polyglossia Warning: Asking to add empty feature to latin font (Language="Brazilian" to langtag "") on input line 117.


Package polyglossia Warning: Asking to add empty feature to latin font (Language="Brazilian" to langtag "") on input line 117.


Package polyglossia Warning: Asking to add empty feature to latin font (Language="Brazilian" to langtag "") on input line 117.


Package polyglossia Warning: Asking to add empty feature to latin font (Language="Brazilian" to langtag "") on input line 117.


Package polyglossia Warning: Asking to add empty feature to latin font (Language="Brazilian" to langtag "") on input line 117.


Package polyglossia Warning: Asking to add empty feature to latin font (Language="Brazilian" to langtag "") on input line 117.


Package polyglossia Warning: Asking to add empty feature to latin font (Language="Brazilian" to langtag "") on input line 117.


Package polyglossia Warning: Asking to add empty feature to latin font (Language="Brazilian" to langtag "") on input line 117.


Package polyglossia Warning: Asking to add empty feature to latin font (Language="Brazilian" to langtag "") on input line 117.


Package polyglossia Warning: Asking to add empty feature to latin font (Language="Brazilian" to langtag "") on input line 117.


Package polyglossia Warning: Asking to add empty feature to latin font (Language="Brazilian" to langtag "") on input line 117.


Package polyglossia Warning: Asking to add empty feature to latin font (Language="Brazilian" to langtag "") on input line 117.


Package polyglossia Warning: Asking to add empty feature to latin font (Language="Brazilian" to langtag "") on input line 117.


Package polyglossia Warning: Asking to add empty feature to latin font (Language="Brazilian" to langtag "") on input line 117.


Package polyglossia Warning: Asking to add empty feature to latin font (Language="Brazilian" to langtag "") on input line 117.


Package polyglossia Warning: Asking to add empty feature to latin font (Language="Brazilian" to langtag "") on input line 117.


Package polyglossia Warning: Asking to add empty feature to latin font (Language="Brazilian" to langtag "") on input line 118.


LaTeX Warning: `h' float specifier changed to `ht'.

) (./capitulos/a3-git-github.tex

Package polyglossia Warning: Asking to add empty feature to latin font (Language="Brazilian" to langtag "") on input line 1.

[118]

Package polyglossia Warning: Asking to add empty feature to latin font (Language="Brazilian" to langtag "") on input line 1.

[119]

Package polyglossia Warning: Asking to add empty feature to latin font (Language="Brazilian" to langtag "") on input line 1.

[120

]
Apêndice C.

Package polyglossia Warning: Asking to add empty feature to latin font (Language="Brazilian" to langtag "") on input line 1.


Package polyglossia Warning: Asking to add empty feature to latin font (Language="Brazilian" to langtag "") on input line 6.


Package polyglossia Warning: Asking to add empty feature to latin font (Language="Brazilian" to langtag "") on input line 11.


Package polyglossia Warning: Asking to add empty feature to latin font (Language="Brazilian" to langtag "") on input line 12.


Package polyglossia Warning: Asking to add empty feature to latin font (Language="Brazilian" to langtag "") on input line 13.


Package polyglossia Warning: Asking to add empty feature to latin font (Language="Brazilian" to langtag "") on input line 14.


Package polyglossia Warning: Asking to add empty feature to latin font (Language="Brazilian" to langtag "") on input line 21.


Package polyglossia Warning: Asking to add empty feature to latin font (Language="Brazilian" to langtag "") on input line 23.


Underfull \hbox (badness 1194) in paragraph at lines 23--24
\TU/FiraSans(0)/m/n/10.95 O Git está disponível para Windows, macOS e Linux — no Linux, geralmente já vem
 []

\openout8 = `main.listing'.


Package polyglossia Warning: Asking to add empty feature to latin font (Language="Brazilian" to langtag "") on input line 28.

(./_minted-main/82F8FCCC278E86F1A03453CFE9445A3E1E8B2165DB203E1CDFAC5131E1A31867.pygtex

Package polyglossia Warning: Asking to add empty feature to latin font (Language="Brazilian" to langtag "") on input line 1.

)

Package polyglossia Warning: Asking to add empty feature to latin font (Language="Brazilian" to langtag "") on input line 28.

[121]

Package polyglossia Warning: Asking to add empty feature to latin font (Language="Brazilian" to langtag "") on input line 30.


Package polyglossia Warning: Asking to add empty feature to latin font (Language="Brazilian" to langtag "") on input line 34.

LaTeX Font Info:    Font shape `TU/FiraMono(0)/m/n' will be
(Font)              scaled to size 7.04004pt on input line 47.

Package polyglossia Warning: Asking to add empty feature to latin font (Language="Brazilian" to langtag "") on input line 47.


Package polyglossia Warning: Asking to add empty feature to latin font (Language="Brazilian" to langtag "") on input line 49.


Package polyglossia Warning: Asking to add empty feature to latin font (Language="Brazilian" to langtag "") on input line 51.


Package polyglossia Warning: Asking to add empty feature to latin font (Language="Brazilian" to langtag "") on input line 55.


Package polyglossia Warning: Asking to add empty feature to latin font (Language="Brazilian" to langtag "") on input line 57.


Package polyglossia Warning: Asking to add empty feature to latin font (Language="Brazilian" to langtag "") on input line 61.


Underfull \hbox (badness 1721) in paragraph at lines 61--62
[]\TU/FiraSans(0)/b/n/10.95 Diretório de trabalho \TU/FiraSans(0)/m/n/10.95 — os arquivos como estão no seu disco agora, editáveis
 []


Package polyglossia Warning: Asking to add empty feature to latin font (Language="Brazilian" to langtag "") on input line 62.


Package polyglossia Warning: Asking to add empty feature to latin font (Language="Brazilian" to langtag "") on input line 63.


Package polyglossia Warning: Asking to add empty feature to latin font (Language="Brazilian" to langtag "") on input line 66.

\openout8 = `main.listing'.


Package polyglossia Warning: Asking to add empty feature to latin font (Language="Brazilian" to langtag "") on input line 72.

(./_minted-main/48416387C4B29BFA5C1E3F9DADB827A81E8B2165DB203E1CDFAC5131E1A31867.pygtex

Package polyglossia Warning: Asking to add empty feature to latin font (Language="Brazilian" to langtag "") on input line 1.

)

Package polyglossia Warning: Asking to add empty feature to latin font (Language="Brazilian" to langtag "") on input line 74.


Package polyglossia Warning: Asking to add empty feature to latin font (Language="Brazilian" to langtag "") on input line 74.


Underfull \hbox (badness 1231) in paragraph at lines 74--75
[][]\TU/FiraMono(0)/m/n/10.95 git init[] \TU/FiraSans(0)/m/n/10.95 cria uma subpasta oculta []\TU/FiraMono(0)/m/n/10.95 .git/[]\TU/FiraSans(0)/m/n/10.95 , onde todo o histórico do projeto será
 []


Package polyglossia Warning: Asking to add empty feature to latin font (Language="Brazilian" to langtag "") on input line 76.

\openout8 = `main.listing'.


Package polyglossia Warning: Asking to add empty feature to latin font (Language="Brazilian" to langtag "") on input line 88.

(./_minted-main/486DF4EFD15A0A8E44C8195E10B829331E8B2165DB203E1CDFAC5131E1A31867.pygtex

Package polyglossia Warning: Asking to add empty feature to latin font (Language="Brazilian" to langtag "") on input line 1.

)
Underfull \vbox (badness 2894) has occurred while \output is active []



Package polyglossia Warning: Asking to add empty feature to latin font (Language="Brazilian" to langtag "") on input line 88.

[122]

Package polyglossia Warning: Asking to add empty feature to latin font (Language="Brazilian" to langtag "") on input line 90.

\openout8 = `main.listing'.


Package polyglossia Warning: Asking to add empty feature to latin font (Language="Brazilian" to langtag "") on input line 96.

(./_minted-main/E65752BA4D7A5DE70FE83A6BD48F0D871E8B2165DB203E1CDFAC5131E1A31867.pygtex

Package polyglossia Warning: Asking to add empty feature to latin font (Language="Brazilian" to langtag "") on input line 1.

)
\openout8 = `main.listing'.



Package polyglossia Warning: Asking to add empty feature to latin font (Language="Brazilian" to langtag "") on input line 102.

(./_minted-main/4608DF9E7A82FC660825DE007EF34A8C1E8B2165DB203E1CDFAC5131E1A31867.pygtex

Package polyglossia Warning: Asking to add empty feature to latin font (Language="Brazilian" to langtag "") on input line 1.

)

Package polyglossia Warning: Asking to add empty feature to latin font (Language="Brazilian" to langtag "") on input line 105.


Package polyglossia Warning: Asking to add empty feature to latin font (Language="Brazilian" to langtag "") on input line 105.


Package polyglossia Warning: Asking to add empty feature to latin font (Language="Brazilian" to langtag "") on input line 108.

\openout8 = `main.listing'.


Package polyglossia Warning: Asking to add empty feature to latin font (Language="Brazilian" to langtag "") on input line 115.

(./_minted-main/CE255E77C8C3C575197FC28D5FAD2B3A1E8B2165DB203E1CDFAC5131E1A31867.pygtex

Package polyglossia Warning: Asking to add empty feature to latin font (Language="Brazilian" to langtag "") on input line 1.

)
\openout8 = `main.listing'.



Package polyglossia Warning: Asking to add empty feature to latin font (Language="Brazilian" to langtag "") on input line 120.

(./_minted-main/E91978DE3DD6D35D5E97840CCDEACFBF1E8B2165DB203E1CDFAC5131E1A31867.pygtex

Package polyglossia Warning: Asking to add empty feature to latin font (Language="Brazilian" to langtag "") on input line 1.

)
Underfull \vbox (badness 10000) has occurred while \output is active []



Package polyglossia Warning: Asking to add empty feature to latin font (Language="Brazilian" to langtag "") on input line 120.

[123]

Package polyglossia Warning: Asking to add empty feature to latin font (Language="Brazilian" to langtag "") on input line 122.


Package polyglossia Warning: Asking to add empty feature to latin font (Language="Brazilian" to langtag "") on input line 122.


Package hyperref Warning: Token not allowed in a PDF string (Unicode):
(hyperref)                removing `\@ifnextchar' on input line 122.

\openout8 = `main.listing'.


Package polyglossia Warning: Asking to add empty feature to latin font (Language="Brazilian" to langtag "") on input line 131.

(./_minted-main/2CBC8222035429610E350A76BEAB869ED8E0493FE5C606A86E94D8F5A4ADE7E0.pygtex

Package polyglossia Warning: Asking to add empty feature to latin font (Language="Brazilian" to langtag "") on input line 1.

)

Package polyglossia Warning: Asking to add empty feature to latin font (Language="Brazilian" to langtag "") on input line 134.


Package polyglossia Warning: Asking to add empty feature to latin font (Language="Brazilian" to langtag "") on input line 134.


Package polyglossia Warning: Asking to add empty feature to latin font (Language="Brazilian" to langtag "") on input line 134.


Package polyglossia Warning: Asking to add empty feature to latin font (Language="Brazilian" to langtag "") on input line 134.


Package polyglossia Warning: Asking to add empty feature to latin font (Language="Brazilian" to langtag "") on input line 134.


Package polyglossia Warning: Asking to add empty feature to latin font (Language="Brazilian" to langtag "") on input line 138.


Package polyglossia Warning: Asking to add empty feature to latin font (Language="Brazilian" to langtag "") on input line 138.


Package polyglossia Warning: Asking to add empty feature to latin font (Language="Brazilian" to langtag "") on input line 138.


Package polyglossia Warning: Asking to add empty feature to latin font (Language="Brazilian" to langtag "") on input line 138.


Package polyglossia Warning: Asking to add empty feature to latin font (Language="Brazilian" to langtag "") on input line 138.


Underfull \hbox (badness 10000) in paragraph at lines 138--139
[]\TU/FiraSans(0)/m/n/10.95 Além de artefatos de compilação, \TU/FiraSans(0)/b/n/10.95 nunca \TU/FiraSans(0)/m/n/10.95 commite credenciais — como as
 []


Underfull \hbox (badness 2096) in paragraph at lines 138--139
\TU/FiraSans(0)/m/n/10.95 constantes []\TU/FiraMono(0)/m/n/10.95 WIFI_SSID[] \TU/FiraSans(0)/m/n/10.95 e []\TU/FiraMono(0)/m/n/10.95 WIFI_PASSWORD[] \TU/FiraSans(0)/m/n/10.95 usadas no Capítulo [][]21[][] e no projeto do
 []


Underfull \hbox (badness 1845) in paragraph at lines 138--139
\TU/FiraSans(0)/m/n/10.95 Capítulo [][]23[][]. A prática recomendada é isolá-las em um arquivo separado (por
 []


Package polyglossia Warning: Asking to add empty feature to latin font (Language="Brazilian" to langtag "") on input line 141.


Package polyglossia Warning: Asking to add empty feature to latin font (Language="Brazilian" to langtag "") on input line 143.

\openout8 = `main.listing'.


Package polyglossia Warning: Asking to add empty feature to latin font (Language="Brazilian" to langtag "") on input line 152.

(./_minted-main/436FF49893D8DE94E4D05E3C7D7BCD3A1E8B2165DB203E1CDFAC5131E1A31867.pygtex

Package polyglossia Warning: Asking to add empty feature to latin font (Language="Brazilian" to langtag "") on input line 1.

)
Underfull \vbox (badness 2020) has occurred while \output is active []



Package polyglossia Warning: Asking to add empty feature to latin font (Language="Brazilian" to langtag "") on input line 152.

[124]

Package polyglossia Warning: Asking to add empty feature to latin font (Language="Brazilian" to langtag "") on input line 155.


Package polyglossia Warning: Asking to add empty feature to latin font (Language="Brazilian" to langtag "") on input line 155.


Package polyglossia Warning: Asking to add empty feature to latin font (Language="Brazilian" to langtag "") on input line 155.


Package polyglossia Warning: Asking to add empty feature to latin font (Language="Brazilian" to langtag "") on input line 155.


Package polyglossia Warning: Asking to add empty feature to latin font (Language="Brazilian" to langtag "") on input line 155.


Package polyglossia Warning: Asking to add empty feature to latin font (Language="Brazilian" to langtag "") on input line 158.


Package polyglossia Warning: Asking to add empty feature to latin font (Language="Brazilian" to langtag "") on input line 160.


Package polyglossia Warning: Asking to add empty feature to latin font (Language="Brazilian" to langtag "") on input line 162.

\openout8 = `main.listing'.


Package polyglossia Warning: Asking to add empty feature to latin font (Language="Brazilian" to langtag "") on input line 170.

(./_minted-main/FC1F572E7791D33F4BE68CA72FB09B9B1E8B2165DB203E1CDFAC5131E1A31867.pygtex

Package polyglossia Warning: Asking to add empty feature to latin font (Language="Brazilian" to langtag "") on input line 1.

)

Package polyglossia Warning: Asking to add empty feature to latin font (Language="Brazilian" to langtag "") on input line 172.


Package polyglossia Warning: Asking to add empty feature to latin font (Language="Brazilian" to langtag "") on input line 172.


Package polyglossia Warning: Asking to add empty feature to latin font (Language="Brazilian" to langtag "") on input line 172.


Package polyglossia Warning: Asking to add empty feature to latin font (Language="Brazilian" to langtag "") on input line 172.


Package polyglossia Warning: Asking to add empty feature to latin font (Language="Brazilian" to langtag "") on input line 172.


Package polyglossia Warning: Asking to add empty feature to latin font (Language="Brazilian" to langtag "") on input line 174.

\openout8 = `main.listing'.


Package polyglossia Warning: Asking to add empty feature to latin font (Language="Brazilian" to langtag "") on input line 181.

(./_minted-main/A2A07601FC739A34107001AEE6DBADEE1E8B2165DB203E1CDFAC5131E1A31867.pygtex

Package polyglossia Warning: Asking to add empty feature to latin font (Language="Brazilian" to langtag "") on input line 1.

)

Package polyglossia Warning: Asking to add empty feature to latin font (Language="Brazilian" to langtag "") on input line 183.


Package polyglossia Warning: Asking to add empty feature to latin font (Language="Brazilian" to langtag "") on input line 183.

[125]
\openout8 = `main.listing'.



Package polyglossia Warning: Asking to add empty feature to latin font (Language="Brazilian" to langtag "") on input line 188.

(./_minted-main/F43DFE5D86FA2F4A09A2D18FB64B35081E8B2165DB203E1CDFAC5131E1A31867.pygtex

Package polyglossia Warning: Asking to add empty feature to latin font (Language="Brazilian" to langtag "") on input line 1.

)

Package polyglossia Warning: Asking to add empty feature to latin font (Language="Brazilian" to langtag "") on input line 190.


Package polyglossia Warning: Asking to add empty feature to latin font (Language="Brazilian" to langtag "") on input line 195.


Package polyglossia Warning: Asking to add empty feature to latin font (Language="Brazilian" to langtag "") on input line 196.


Package polyglossia Warning: Asking to add empty feature to latin font (Language="Brazilian" to langtag "") on input line 197.


Overfull \hbox (1.84541pt too wide) in paragraph at lines 199--200
[]\TU/FiraSans(0)/m/n/10.95 Uma vez aprovado, o Pull Request é \TU/FiraSans(0)/b/n/10.95 mesclado \TU/FiraSans(0)/m/n/10.95 (\TU/FiraSans(0)/m/it/10.95 merged\TU/FiraSans(0)/m/n/10.95 ) à branch principal, incorporando
 []


Package polyglossia Warning: Asking to add empty feature to latin font (Language="Brazilian" to langtag "") on input line 203.


Underfull \hbox (badness 1205) in paragraph at lines 203--204
[]\TU/FiraSans(0)/m/n/10.95 Esse fluxo — branch dedicada, revisão antes de mesclar — vale a pena mesmo
 []


Package polyglossia Warning: Asking to add empty feature to latin font (Language="Brazilian" to langtag "") on input line 206.


Package polyglossia Warning: Asking to add empty feature to latin font (Language="Brazilian" to langtag "") on input line 208.


Package polyglossia Warning: Asking to add empty feature to latin font (Language="Brazilian" to langtag "") on input line 214.


Package polyglossia Warning: Asking to add empty feature to latin font (Language="Brazilian" to langtag "") on input line 215.


Package polyglossia Warning: Asking to add empty feature to latin font (Language="Brazilian" to langtag "") on input line 216.


Package polyglossia Warning: Asking to add empty feature to latin font (Language="Brazilian" to langtag "") on input line 217.


Package polyglossia Warning: Asking to add empty feature to latin font (Language="Brazilian" to langtag "") on input line 218.


Package polyglossia Warning: Asking to add empty feature to latin font (Language="Brazilian" to langtag "") on input line 219.


Package polyglossia Warning: Asking to add empty feature to latin font (Language="Brazilian" to langtag "") on input line 220.


Package polyglossia Warning: Asking to add empty feature to latin font (Language="Brazilian" to langtag "") on input line 221.


Package polyglossia Warning: Asking to add empty feature to latin font (Language="Brazilian" to langtag "") on input line 222.


Package polyglossia Warning: Asking to add empty feature to latin font (Language="Brazilian" to langtag "") on input line 223.


Package polyglossia Warning: Asking to add empty feature to latin font (Language="Brazilian" to langtag "") on input line 224.


Package polyglossia Warning: Asking to add empty feature to latin font (Language="Brazilian" to langtag "") on input line 225.


Package polyglossia Warning: Asking to add empty feature to latin font (Language="Brazilian" to langtag "") on input line 226.


Package polyglossia Warning: Asking to add empty feature to latin font (Language="Brazilian" to langtag "") on input line 229.


LaTeX Warning: `h' float specifier changed to `ht'.

)

Package polyglossia Warning: Asking to add empty feature to latin font (Language="Brazilian" to langtag "") on input line 51.

[126]

Package polyglossia Warning: Asking to add empty feature to latin font (Language="Brazilian" to langtag "") on input line 51.

[127]

Package polyglossia Warning: Asking to add empty feature to latin font (Language="Brazilian" to langtag "") on input line 51.

[128

] (./main.aux)
 ***********
LaTeX2e <2023-11-01> patch level 1
L3 programming layer <2024-01-22>
 ***********


LaTeX Font Warning: Some font shapes were not available, defaults substituted.

Package rerunfilecheck Info: File `main.out' has not changed.
(rerunfilecheck)             Checksum: 84A3671BA24AEBFD730700C359AC90FE;35849.
runsystem(rm main.pyg)...executed.

 ) 
Here is how much of TeX's memory you used:
 42933 strings out of 474878
 962956 string characters out of 5762517
 1968627 words of memory out of 5000000
 63910 multiletter control sequences out of 15000+600000
 568370 words of font info for 138 fonts, out of 8000000 for 9000
 1348 hyphenation exceptions out of 8191
 89i,13n,120p,1258b,1348s stack positions out of 10000i,1000n,20000p,200000b,200000s

Output written on main.xdv (138 pages, 3078536 bytes).
